combination_id,is_valid_simplex,validity_reason,rejection_reason,k,filter_name,config_id,config_folder,simplex_dim,window_region_count,window_union_area,window_intersection_area,window_overlap_ratio,centroid_span_x,centroid_span_y,window_union_count,window_union_mean,window_union_std,window_union_min,window_union_max,window_union_median,window_union_q25,window_union_q75,window_union_iqr,window_union_range,window_intersection_count,window_intersection_mean,window_intersection_std,window_intersection_min,window_intersection_max,window_intersection_median,window_intersection_q25,window_intersection_q75,window_intersection_iqr,window_intersection_range,window_region_patch_mean_mean,window_region_patch_mean_std,window_region_patch_mean_min,window_region_patch_mean_max,window_region_patch_mean_range,window_region_patch_std_mean,window_region_patch_std_std,window_region_patch_std_min,window_region_patch_std_max,window_region_patch_std_range,window_region_patch_min_mean,window_region_patch_min_std,window_region_patch_min_min,window_region_patch_min_max,window_region_patch_min_range,window_region_patch_max_mean,window_region_patch_max_std,window_region_patch_max_min,window_region_patch_max_max,window_region_patch_max_range,window_region_patch_median_mean,window_region_patch_median_std,window_region_patch_median_min,window_region_patch_median_max,window_region_patch_median_range,window_region_patch_q25_mean,window_region_patch_q25_std,window_region_patch_q25_min,window_region_patch_q25_max,window_region_patch_q25_range,window_region_patch_q75_mean,window_region_patch_q75_std,window_region_patch_q75_min,window_region_patch_q75_max,window_region_patch_q75_range,window_region_patch_iqr_mean,window_region_patch_iqr_std,window_region_patch_iqr_min,window_region_patch_iqr_max,window_region_patch_iqr_range,window_region_patch_range_mean,window_region_patch_range_std,window_region_patch_range_min,window_region_patch_range_max,window_region_patch_range_range,window_region_valid_ratio_mean,window_region_valid_ratio_std,window_region_valid_ratio_min,window_region_valid_ratio_max,window_region_valid_ratio_range,window_region_valid_pixel_count_mean,window_region_valid_pixel_count_std,window_region_valid_pixel_count_min,window_region_valid_pixel_count_max,window_region_valid_pixel_count_range,window_region_hausdorff_vs_baseline_mean,window_region_hausdorff_vs_baseline_std,window_region_hausdorff_vs_baseline_min,window_region_hausdorff_vs_baseline_max,window_region_hausdorff_vs_baseline_range,window_region_hausdorff_norm_vs_baseline_mean,window_region_hausdorff_norm_vs_baseline_std,window_region_hausdorff_norm_vs_baseline_min,window_region_hausdorff_norm_vs_baseline_max,window_region_hausdorff_norm_vs_baseline_range,window_config_mean_dice_mean,window_config_mean_iou_mean,window_config_mean_mse_img_mean,window_config_mean_mae_img_mean,window_config_mean_grad_mse_mean,window_config_mean_grad_mae_mean,window_config_mean_var_diff_mean,window_config_mean_intensity_diff_mean,config_mean_centroid_distance,max_centroid_distance,window_mean_abs_diff_region_patch_mean,window_max_abs_diff_region_patch_mean,window_mean_abs_diff_region_patch_std,window_max_abs_diff_region_patch_std,window_mean_abs_diff_region_patch_min,window_max_abs_diff_region_patch_min,window_mean_abs_diff_region_patch_max,window_max_abs_diff_region_patch_max,window_mean_abs_diff_region_patch_median,window_max_abs_diff_region_patch_median,window_mean_abs_diff_region_patch_q25,window_max_abs_diff_region_patch_q25,window_mean_abs_diff_region_patch_q75,window_max_abs_diff_region_patch_q75,window_mean_abs_diff_region_patch_iqr,window_max_abs_diff_region_patch_iqr,window_mean_abs_diff_region_patch_range,window_max_abs_diff_region_patch_range,window_mean_abs_diff_region_valid_ratio,window_max_abs_diff_region_valid_ratio,window_mean_abs_diff_region_valid_pixel_count,window_max_abs_diff_region_valid_pixel_count,window_mean_abs_diff_region_hausdorff_vs_baseline,window_max_abs_diff_region_hausdorff_vs_baseline,window_mean_abs_diff_region_hausdorff_norm_vs_baseline,window_max_abs_diff_region_hausdorff_norm_vs_baseline,member_region_ids,member_image_paths,member_vertebra_idx,source_dir,source_file,patient_id,row_null_count,row_numeric_null_count,member_region_ids_list,member_image_paths_list,is_valid_simplex_num,combination_score,tda_case
S_37_patch_01|S_37_patch_02,True,valid_pairwise_chain_window,,2,bilateral+sobel,cfg_00184,"pre_tda_bilateral+sobel_var-True_mode-concat_channel_pk-(128, 128)_st-32_vk-7",2,2,27118,5650,0.2083486982815842,14.599441662240425,77.97029522978481,27118,24.43732944907441,16.635810014641,4.5,161.0,18.5,14.5,28.0,13.5,156.5,5650,24.86699115044248,16.07820650990473,7.5,123.5,19.5,14.5,28.5,14.0,116.0,25.848403930664062,0.3631134033203125,25.48529052734375,26.21151733398437,0.726226806640625,17.4323434022778,0.9750957383325982,16.457247663945203,18.4074391406104,1.9501914766651964,7.0,1.0,6.0,8.0,2.0,163.0,2.0,161.0,165.0,4.0,19.75,0.25,19.5,20.0,0.5,14.75,0.25,14.5,15.0,0.5,29.75,0.75,29.0,30.5,1.5,15.0,1.0,14.0,16.0,2.0,156.0,3.0,153.0,159.0,6.0,1.0,0.0,1.0,1.0,0.0,16384.0,0.0,16384.0,16384.0,0.0,22.88187826710765,6.238561290014417,16.64331697709324,29.120439557122072,12.477122580028832,0.1515921403356107,0.0413303858856564,0.1102617544499543,0.1929225262212671,0.0826607717713128,0.7473859353760111,0.604465646103266,53702.39453125,163.2533664703369,146560.2021484375,253.8238620758057,8335.036865234375,10.271922931075096,79.32534673777963,79.32534673777963,0.726226806640625,0.726226806640625,1.9501914766651964,1.9501914766651964,2.0,2.0,4.0,4.0,0.5,0.5,0.5,0.5,1.5,1.5,2.0,2.0,6.0,6.0,0.0,0.0,0.0,0.0,12.477122580028832,12.477122580028832,0.0826607717713128,0.0826607717713128,"['S_37_patch_01', 'S_37_patch_02']","['/content/drive/MyDrive/TDA_PIPELINE/S_37/bilateral+sobel_var-True_mode-concat_channel_pk-(128, 128)_st-32_vk-7/patch_images/S_37_patch_01.png', '/content/drive/MyDrive/TDA_PIPELINE/S_37/bilateral+sobel_var-True_mode-concat_channel_pk-(128, 128)_st-32_vk-7/patch_images/S_37_patch_02.png']","[1, 2]","/content/drive/MyDrive/TDA_PIPELINE/patches_processor_S_37/S_37/bands/pre_tda_bilateral+sobel_var-True_mode-concat_channel_pk-(128, 128)_st-32_vk-7","/content/drive/MyDrive/TDA_PIPELINE/patches_processor_S_37/S_37/bands/pre_tda_bilateral+sobel_var-True_mode-concat_channel_pk-(128, 128)_st-32_vk-7/S_37_bilateral+sobel_var-True_mode-concat_channel_pk-(128, 128)_st-32_vk-7_windows_report.csv",S_37,1,1,"['S_37_patch_01', 'S_37_patch_02']","['/content/drive/MyDrive/TDA_PIPELINE/S_37/bilateral+sobel_var-True_mode-concat_channel_pk-(128, 128)_st-32_vk-7/patch_images/S_37_patch_01.png', '/content/drive/MyDrive/TDA_PIPELINE/S_37/bilateral+sobel_var-True_mode-concat_channel_pk-(128, 128)_st-32_vk-7/patch_images/S_37_patch_02.png']",1.0,0.8012778014293364,best_local_k2
S_37_patch_00|S_37_patch_01|S_37_patch_02|S_37_patch_03,True,valid_pairwise_chain_window,,4,bilateral+sobel,cfg_00184,"pre_tda_bilateral+sobel_var-True_mode-concat_channel_pk-(128, 128)_st-32_vk-7",4,4,47753,0,0.0,39.63115420569245,228.80335733245727,47753,21.85262706008,16.26079399713295,4.0,166.0,16.0,13.0,25.0,12.0,162.0,0,,,,,,,,,,23.179542541503903,4.02441160306639,16.266357421875,26.21151733398437,9.945159912109377,16.465830354057488,1.2916236585277654,14.779958767372063,18.4074391406104,3.627480373238335,6.75,2.5860201081971503,3.0,10.0,7.0,163.0,2.0,161.0,165.0,4.0,17.125,3.612045819199973,11.0,20.0,9.0,13.375,2.5341418665891617,9.0,15.0,6.0,26.0,5.5565276927232174,16.5,30.5,14.0,12.625,3.149900792088538,7.5,16.0,8.5,156.25,4.437059837324712,151.0,162.0,11.0,1.0,0.0,1.0,1.0,0.0,16384.0,0.0,16384.0,16384.0,0.0,27.84111395659137,7.271339192754868,16.64331697709324,37.0,20.35668302290676,0.1844470110687646,0.0481725258070457,0.1102617544499543,0.2451245097514707,0.1348627553015164,0.7473859353760111,0.604465646103266,53702.39453125,163.2533664703369,146560.2021484375,253.8238620758057,8335.036865234375,10.271922931075096,77.52756156344203,79.32534673777963,3.800557454427084,9.945159912109377,1.9387478898488184,3.627480373238335,2.333333333333333,3.0,1.3333333333333333,4.0,3.6666666666666665,8.5,2.0,5.5,5.5,14.0,3.8333333333333335,8.5,3.6666666666666665,6.0,0.0,0.0,0.0,0.0,10.771355112654568,12.477122580028832,0.0713600849013094,0.0826607717713128,"['S_37_patch_00', 'S_37_patch_01', 'S_37_patch_02', 'S_37_patch_03']","['/content/drive/MyDrive/TDA_PIPELINE/S_37/bilateral+sobel_var-True_mode-concat_channel_pk-(128, 128)_st-32_vk-7/patch_images/S_37_patch_00.png', '/content/drive/MyDrive/TDA_PIPELINE/S_37/bilateral+sobel_var-True_mode-concat_channel_pk-(128, 128)_st-32_vk-7/patch_images/S_37_patch_01.png', '/content/drive/MyDrive/TDA_PIPELINE/S_37/bilateral+sobel_var-True_mode-concat_channel_pk-(128, 128)_st-32_vk-7/patch_images/S_37_patch_02.png', '/content/drive/MyDrive/TDA_PIPELINE/S_37/bilateral+sobel_var-True_mode-concat_channel_pk-(128, 128)_st-32_vk-7/patch_images/S_37_patch_03.png']","[0, 1, 2, 3]","/content/drive/MyDrive/TDA_PIPELINE/patches_processor_S_37/S_37/bands/pre_tda_bilateral+sobel_var-True_mode-concat_channel_pk-(128, 128)_st-32_vk-7","/content/drive/MyDrive/TDA_PIPELINE/patches_processor_S_37/S_37/bands/pre_tda_bilateral+sobel_var-True_mode-concat_channel_pk-(128, 128)_st-32_vk-7/S_37_bilateral+sobel_var-True_mode-concat_channel_pk-(128, 128)_st-32_vk-7_windows_report.csv",S_37,10,10,"['S_37_patch_00', 'S_37_patch_01', 'S_37_patch_02', 'S_37_patch_03']","['/content/drive/MyDrive/TDA_PIPELINE/S_37/bilateral+sobel_var-True_mode-concat_channel_pk-(128, 128)_st-32_vk-7/patch_images/S_37_patch_00.png', '/content/drive/MyDrive/TDA_PIPELINE/S_37/bilateral+sobel_var-True_mode-concat_channel_pk-(128, 128)_st-32_vk-7/patch_images/S_37_patch_01.png', '/content/drive/MyDrive/TDA_PIPELINE/S_37/bilateral+sobel_var-True_mode-concat_channel_pk-(128, 128)_st-32_vk-7/patch_images/S_37_patch_02.png', '/content/drive/MyDrive/TDA_PIPELINE/S_37/bilateral+sobel_var-True_mode-concat_channel_pk-(128, 128)_st-32_vk-7/patch_images/S_37_patch_03.png']",1.0,0.539560077819522,best_intermediate_k4
S_37_patch_01|S_37_patch_02|S_37_patch_03|S_37_patch_04|S_37_patch_05|S_37_patch_06|S_37_patch_07|S_37_patch_08,True,valid_pairwise_chain_window,,8,bilateral+sobel,cfg_00184,"pre_tda_bilateral+sobel_var-True_mode-concat_channel_pk-(128, 128)_st-32_vk-7",8,8,91803,0,0.0,74.00504944676915,540.7800454162128,91803,21.35928564425999,15.208162864941071,4.0,169.0,16.5,13.0,24.0,11.0,165.0,0,,,,,,,,,,21.32815170288086,4.5010143260142765,15.3341064453125,26.21151733398437,10.877410888671877,14.291355154546936,2.767173927503196,8.806616502442425,18.4074391406104,9.600822638167974,6.875,2.218529918662356,3.0,9.5,6.5,157.5625,12.90696880564914,126.5,169.0,42.5,16.6875,3.715991624048687,11.0,20.0,9.0,13.5625,2.6626760505176,9.0,17.0,8.0,23.125,6.1479163136789685,14.0,30.5,16.5,9.5625,4.118840097648851,3.0,16.0,13.0,150.6875,13.24277515288997,120.5,162.0,41.5,1.0,0.0,1.0,1.0,0.0,16384.0,0.0,16384.0,16384.0,0.0,28.036795214025823,5.482984053120951,16.64331697709324,36.6742416417845,20.03092466469126,0.1857433968064989,0.0363246967026055,0.1102617544499543,0.2429663649445783,0.132704610494624,0.7473859353760111,0.604465646103266,53702.39453125,163.2533664703369,146560.2021484375,253.8238620758057,8335.036865234375,10.271922931075096,79.76541477969606,81.7987340531529,3.4447413853236606,9.953155517578123,3.64144230965814,7.090961506365128,1.7142857142857142,3.0,12.428571428571429,39.5,2.857142857142857,8.5,2.2857142857142856,5.5,5.0,14.0,4.0,8.5,12.857142857142858,41.0,0.0,0.0,0.0,0.0,7.422241107325151,12.477122580028832,0.0491722489916294,0.0826607717713128,"['S_37_patch_01', 'S_37_patch_02', 'S_37_patch_03', 'S_37_patch_04', 'S_37_patch_05', 'S_37_patch_06', 'S_37_patch_07', 'S_37_patch_08']","['/content/drive/MyDrive/TDA_PIPELINE/S_37/bilateral+sobel_var-True_mode-concat_channel_pk-(128, 128)_st-32_vk-7/patch_images/S_37_patch_01.png', '/content/drive/MyDrive/TDA_PIPELINE/S_37/bilateral+sobel_var-True_mode-concat_channel_pk-(128, 128)_st-32_vk-7/patch_images/S_37_patch_02.png', '/content/drive/MyDrive/TDA_PIPELINE/S_37/bilateral+sobel_var-True_mode-concat_channel_pk-(128, 128)_st-32_vk-7/patch_images/S_37_patch_03.png', '/content/drive/MyDrive/TDA_PIPELINE/S_37/bilateral+sobel_var-True_mode-concat_channel_pk-(128, 128)_st-32_vk-7/patch_images/S_37_patch_04.png', '/content/drive/MyDrive/TDA_PIPELINE/S_37/bilateral+sobel_var-True_mode-concat_channel_pk-(128, 128)_st-32_vk-7/patch_images/S_37_patch_05.png', '/content/drive/MyDrive/TDA_PIPELINE/S_37/bilateral+sobel_var-True_mode-concat_channel_pk-(128, 128)_st-32_vk-7/patch_images/S_37_patch_06.png', '/content/drive/MyDrive/TDA_PIPELINE/S_37/bilateral+sobel_var-True_mode-concat_channel_pk-(128, 128)_st-32_vk-7/patch_images/S_37_patch_07.png', '/content/drive/MyDrive/TDA_PIPELINE/S_37/bilateral+sobel_var-True_mode-concat_channel_pk-(128, 128)_st-32_vk-7/patch_images/S_37_patch_08.png']","[1, 2, 3, 4, 5, 6, 7, 8]","/content/drive/MyDrive/TDA_PIPELINE/patches_processor_S_37/S_37/bands/pre_tda_bilateral+sobel_var-True_mode-concat_channel_pk-(128, 128)_st-32_vk-7","/content/drive/MyDrive/TDA_PIPELINE/patches_processor_S_37/S_37/bands/pre_tda_bilateral+sobel_var-True_mode-concat_channel_pk-(128, 128)_st-32_vk-7/S_37_bilateral+sobel_var-True_mode-concat_channel_pk-(128, 128)_st-32_vk-7_windows_report.csv",S_37,10,10,"['S_37_patch_01', 'S_37_patch_02', 'S_37_patch_03', 'S_37_patch_04', 'S_37_patch_05', 'S_37_patch_06', 'S_37_patch_07', 'S_37_patch_08']","['/content/drive/MyDrive/TDA_PIPELINE/S_37/bilateral+sobel_var-True_mode-concat_channel_pk-(128, 128)_st-32_vk-7/patch_images/S_37_patch_01.png', '/content/drive/MyDrive/TDA_PIPELINE/S_37/bilateral+sobel_var-True_mode-concat_channel_pk-(128, 128)_st-32_vk-7/patch_images/S_37_patch_02.png', '/content/drive/MyDrive/TDA_PIPELINE/S_37/bilateral+sobel_var-True_mode-concat_channel_pk-(128, 128)_st-32_vk-7/patch_images/S_37_patch_03.png', '/content/drive/MyDrive/TDA_PIPELINE/S_37/bilateral+sobel_var-True_mode-concat_channel_pk-(128, 128)_st-32_vk-7/patch_images/S_37_patch_04.png', '/content/drive/MyDrive/TDA_PIPELINE/S_37/bilateral+sobel_var-True_mode-concat_channel_pk-(128, 128)_st-32_vk-7/patch_images/S_37_patch_05.png', '/content/drive/MyDrive/TDA_PIPELINE/S_37/bilateral+sobel_var-True_mode-concat_channel_pk-(128, 128)_st-32_vk-7/patch_images/S_37_patch_06.png', '/content/drive/MyDrive/TDA_PIPELINE/S_37/bilateral+sobel_var-True_mode-concat_channel_pk-(128, 128)_st-32_vk-7/patch_images/S_37_patch_07.png', '/content/drive/MyDrive/TDA_PIPELINE/S_37/bilateral+sobel_var-True_mode-concat_channel_pk-(128, 128)_st-32_vk-7/patch_images/S_37_patch_08.png']",1.0,0.4600198791886436,best_global_k8
S_37_patch_00|S_37_patch_01|S_37_patch_02|S_37_patch_03|S_37_patch_04|S_37_patch_05|S_37_patch_06|S_37_patch_07,True,valid_pairwise_chain_window,,8,bilateral+sobel,cfg_00184,"pre_tda_bilateral+sobel_var-True_mode-concat_channel_pk-(128, 128)_st-32_vk-7",8,8,91266,0,0.0,74.00504944676915,538.9850702881591,91266,21.39321872329236,14.859108335666084,4.0,166.0,16.5,13.0,24.0,11.0,162.0,0,,,,,,,,,,21.58116912841797,4.627858764365745,15.3341064453125,26.21151733398437,10.877410888671877,14.492017796843667,2.840483164049884,8.806616502442425,18.4074391406104,9.600822638167974,7.0,2.358495283014151,3.0,10.0,7.0,156.5625,12.276597401153138,126.5,166.0,39.5,16.6875,3.715991624048687,11.0,20.0,9.0,13.5625,2.6626760505176,9.0,17.0,8.0,23.5,6.339361166552983,14.0,30.5,16.5,9.9375,4.275201018665672,3.0,16.0,13.0,149.5625,12.778002338002604,120.5,162.0,41.5,1.0,0.0,1.0,1.0,0.0,16384.0,0.0,16384.0,16384.0,0.0,29.656591393983,5.957061934404715,16.64331697709324,37.0,20.35668302290676,0.1964745250364802,0.0394654563845974,0.1102617544499543,0.2451245097514707,0.1348627553015164,0.7473859353760111,0.604465646103266,53702.39453125,163.2533664703369,146560.2021484375,253.8238620758057,8335.036865234375,10.271922931075096,79.3517165197618,81.7987340531529,3.381120954241072,9.953155517578123,3.2781013379264468,7.090961506365128,1.9285714285714288,3.0,10.714285714285714,39.5,2.857142857142857,8.5,2.0,5.5,5.0,14.0,4.0,8.5,11.357142857142858,41.0,0.0,0.0,0.0,0.0,7.4966059740402065,12.477122580028832,0.0496649152482852,0.0826607717713128,"['S_37_patch_00', 'S_37_patch_01', 'S_37_patch_02', 'S_37_patch_03', 'S_37_patch_04', 'S_37_patch_05', 'S_37_patch_06', 'S_37_patch_07']","['/content/drive/MyDrive/TDA_PIPELINE/S_37/bilateral+sobel_var-True_mode-concat_channel_pk-(128, 128)_st-32_vk-7/patch_images/S_37_patch_00.png', '/content/drive/MyDrive/TDA_PIPELINE/S_37/bilateral+sobel_var-True_mode-concat_channel_pk-(128, 128)_st-32_vk-7/patch_images/S_37_patch_01.png', '/content/drive/MyDrive/TDA_PIPELINE/S_37/bilateral+sobel_var-True_mode-concat_channel_pk-(128, 128)_st-32_vk-7/patch_images/S_37_patch_02.png', '/content/drive/MyDrive/TDA_PIPELINE/S_37/bilateral+sobel_var-True_mode-concat_channel_pk-(128, 128)_st-32_vk-7/patch_images/S_37_patch_03.png', '/content/drive/MyDrive/TDA_PIPELINE/S_37/bilateral+sobel_var-True_mode-concat_channel_pk-(128, 128)_st-32_vk-7/patch_images/S_37_patch_04.png', '/content/drive/MyDrive/TDA_PIPELINE/S_37/bilateral+sobel_var-True_mode-concat_channel_pk-(128, 128)_st-32_vk-7/patch_images/S_37_patch_05.png', '/content/drive/MyDrive/TDA_PIPELINE/S_37/bilateral+sobel_var-True_mode-concat_channel_pk-(128, 128)_st-32_vk-7/patch_images/S_37_patch_06.png', '/content/drive/MyDrive/TDA_PIPELINE/S_37/bilateral+sobel_var-True_mode-concat_channel_pk-(128, 128)_st-32_vk-7/patch_images/S_37_patch_07.png']","[0, 1, 2, 3, 4, 5, 6, 7]","/content/drive/MyDrive/TDA_PIPELINE/patches_processor_S_37/S_37/bands/pre_tda_bilateral+sobel_var-True_mode-concat_channel_pk-(128, 128)_st-32_vk-7","/content/drive/MyDrive/TDA_PIPELINE/patches_processor_S_37/S_37/bands/pre_tda_bilateral+sobel_var-True_mode-concat_channel_pk-(128, 128)_st-32_vk-7/S_37_bilateral+sobel_var-True_mode-concat_channel_pk-(128, 128)_st-32_vk-7_windows_report.csv",S_37,10,10,"['S_37_patch_00', 'S_37_patch_01', 'S_37_patch_02', 'S_37_patch_03', 'S_37_patch_04', 'S_37_patch_05', 'S_37_patch_06', 'S_37_patch_07']","['/content/drive/MyDrive/TDA_PIPELINE/S_37/bilateral+sobel_var-True_mode-concat_channel_pk-(128, 128)_st-32_vk-7/patch_images/S_37_patch_00.png', '/content/drive/MyDrive/TDA_PIPELINE/S_37/bilateral+sobel_var-True_mode-concat_channel_pk-(128, 128)_st-32_vk-7/patch_images/S_37_patch_01.png', '/content/drive/MyDrive/TDA_PIPELINE/S_37/bilateral+sobel_var-True_mode-concat_channel_pk-(128, 128)_st-32_vk-7/patch_images/S_37_patch_02.png', '/content/drive/MyDrive/TDA_PIPELINE/S_37/bilateral+sobel_var-True_mode-concat_channel_pk-(128, 128)_st-32_vk-7/patch_images/S_37_patch_03.png', '/content/drive/MyDrive/TDA_PIPELINE/S_37/bilateral+sobel_var-True_mode-concat_channel_pk-(128, 128)_st-32_vk-7/patch_images/S_37_patch_04.png', '/content/drive/MyDrive/TDA_PIPELINE/S_37/bilateral+sobel_var-True_mode-concat_channel_pk-(128, 128)_st-32_vk-7/patch_images/S_37_patch_05.png', '/content/drive/MyDrive/TDA_PIPELINE/S_37/bilateral+sobel_var-True_mode-concat_channel_pk-(128, 128)_st-32_vk-7/patch_images/S_37_patch_06.png', '/content/drive/MyDrive/TDA_PIPELINE/S_37/bilateral+sobel_var-True_mode-concat_channel_pk-(128, 128)_st-32_vk-7/patch_images/S_37_patch_07.png']",1.0,0.4587571881228838,worst_global_k8
S_37_patch_01|S_37_patch_02,True,valid_pairwise_chain_window,,2,clahe+median+unsharp_mask+scharr,cfg_01408,"pre_tda_clahe+median+unsharp_mask+scharr_var-True_mode-concat_channel_pk-(128, 128)_st-32_vk-7",2,2,27118,5650,0.2083486982815842,14.599441662240425,77.97029522978481,27118,27.36641713990707,16.61641027931257,11.5,165.0,21.5,17.0,31.0,14.0,153.5,5650,26.235929203539825,13.698921257004413,14.5,111.0,21.0,17.5,30.0,12.5,96.5,27.687759399414062,0.5596160888671875,27.128143310546875,28.24737548828125,1.119232177734375,16.236314942929777,0.3178017944179183,15.918513148511858,16.554116737347695,0.6356035888358367,13.5,0.5,13.0,14.0,1.0,165.0,0.0,165.0,165.0,0.0,22.0,0.5,21.5,22.5,1.0,17.5,0.5,17.0,18.0,1.0,31.5,0.5,31.0,32.0,1.0,14.0,0.0,14.0,14.0,0.0,151.5,0.5,151.0,152.0,1.0,1.0,0.0,1.0,1.0,0.0,16384.0,0.0,16384.0,16384.0,0.0,23.845833184806644,7.202516207713405,16.64331697709324,31.04834939252005,14.40503241542681,0.1579783288930022,0.0477165744430478,0.1102617544499543,0.20569490333605,0.0954331488860957,0.7473859353760111,0.604465646103266,36595.056640625,132.15121173858645,353479.03125,391.8169898986816,3039.79736328125,3.195903702639044,79.32534673777963,79.32534673777963,1.119232177734375,1.119232177734375,0.6356035888358367,0.6356035888358367,1.0,1.0,0.0,0.0,1.0,1.0,1.0,1.0,1.0,1.0,0.0,0.0,1.0,1.0,0.0,0.0,0.0,0.0,14.40503241542681,14.40503241542681,0.0954331488860957,0.0954331488860957,"['S_37_patch_01', 'S_37_patch_02']","['/content/drive/MyDrive/TDA_PIPELINE/S_37/clahe+median+unsharp_mask+scharr_var-True_mode-concat_channel_pk-(128, 128)_st-32_vk-7/patch_images/S_37_patch_01.png', '/content/drive/MyDrive/TDA_PIPELINE/S_37/clahe+median+unsharp_mask+scharr_var-True_mode-concat_channel_pk-(128, 128)_st-32_vk-7/patch_images/S_37_patch_02.png']","[1, 2]","/content/drive/MyDrive/TDA_PIPELINE/patches_processor_S_37/S_37/bands/pre_tda_clahe+median+unsharp_mask+scharr_var-True_mode-concat_channel_pk-(128, 128)_st-32_vk-7","/content/drive/MyDrive/TDA_PIPELINE/patches_processor_S_37/S_37/bands/pre_tda_clahe+median+unsharp_mask+scharr_var-True_mode-concat_channel_pk-(128, 128)_st-32_vk-7/S_37_clahe+median+unsharp_mask+scharr_var-True_mode-concat_channel_pk-(128, 128)_st-32_vk-7_windows_report.csv",S_37,1,1,"['S_37_patch_01', 'S_37_patch_02']","['/content/drive/MyDrive/TDA_PIPELINE/S_37/clahe+median+unsharp_mask+scharr_var-True_mode-concat_channel_pk-(128, 128)_st-32_vk-7/patch_images/S_37_patch_01.png', '/content/drive/MyDrive/TDA_PIPELINE/S_37/clahe+median+unsharp_mask+scharr_var-True_mode-concat_channel_pk-(128, 128)_st-32_vk-7/patch_images/S_37_patch_02.png']",1.0,0.809404323659993,best_local_k2
S_37_patch_00|S_37_patch_01|S_37_patch_02|S_37_patch_03,True,valid_pairwise_chain_window,,4,clahe+median+unsharp_mask+scharr,cfg_01408,"pre_tda_clahe+median+unsharp_mask+scharr_var-True_mode-concat_channel_pk-(128, 128)_st-32_vk-7",4,4,47753,0,0.0,39.63115420569245,228.80335733245727,47753,25.79777186773606,16.76651751632061,9.0,169.0,20.0,16.0,29.0,13.0,160.0,0,,,,,,,,,,26.563316345214844,3.115372967206316,21.36834716796875,29.5093994140625,8.14105224609375,16.477378104600213,1.2789866707489583,14.97075910651085,18.466123426030443,3.4953643195195934,12.25,1.920286436967152,9.0,14.0,5.0,164.5,3.570714214271425,159.0,169.0,10.0,20.75,2.19374109684803,17.0,22.5,5.5,16.375,1.709349291397168,13.5,18.0,4.5,30.5,4.716990566028302,23.0,36.0,13.0,14.125,3.361082414937188,9.5,19.0,9.5,152.25,2.277608394786075,150.0,156.0,6.0,1.0,0.0,1.0,1.0,0.0,16384.0,0.0,16384.0,16384.0,0.0,25.541674652134446,7.590972003934196,16.64331697709324,34.828149534536,18.18483255744276,0.1692132561442168,0.0502900889459867,0.1102617544499543,0.230736029194704,0.1204742747447497,0.7473859353760111,0.604465646103266,36595.056640625,132.15121173858645,353479.03125,391.8169898986816,3039.79736328125,3.195903702639044,77.52756156344203,79.32534673777963,3.4598388671875,6.8790283203125,1.5888571657304222,2.5476102775185847,2.0,5.0,3.333333333333333,6.0,2.333333333333333,5.5,1.8333333333333333,4.5,5.0,9.0,3.1666666666666665,5.0,2.0,4.0,0.0,0.0,0.0,0.0,14.663777220333705,18.18483255744276,0.0971473297902455,0.1204742747447497,"['S_37_patch_00', 'S_37_patch_01', 'S_37_patch_02', 'S_37_patch_03']","['/content/drive/MyDrive/TDA_PIPELINE/S_37/clahe+median+unsharp_mask+scharr_var-True_mode-concat_channel_pk-(128, 128)_st-32_vk-7/patch_images/S_37_patch_00.png', '/content/drive/MyDrive/TDA_PIPELINE/S_37/clahe+median+unsharp_mask+scharr_var-True_mode-concat_channel_pk-(128, 128)_st-32_vk-7/patch_images/S_37_patch_01.png', '/content/drive/MyDrive/TDA_PIPELINE/S_37/clahe+median+unsharp_mask+scharr_var-True_mode-concat_channel_pk-(128, 128)_st-32_vk-7/patch_images/S_37_patch_02.png', '/content/drive/MyDrive/TDA_PIPELINE/S_37/clahe+median+unsharp_mask+scharr_var-True_mode-concat_channel_pk-(128, 128)_st-32_vk-7/patch_images/S_37_patch_03.png']","[0, 1, 2, 3]","/content/drive/MyDrive/TDA_PIPELINE/patches_processor_S_37/S_37/bands/pre_tda_clahe+median+unsharp_mask+scharr_var-True_mode-concat_channel_pk-(128, 128)_st-32_vk-7","/content/drive/MyDrive/TDA_PIPELINE/patches_processor_S_37/S_37/bands/pre_tda_clahe+median+unsharp_mask+scharr_var-True_mode-concat_channel_pk-(128, 128)_st-32_vk-7/S_37_clahe+median+unsharp_mask+scharr_var-True_mode-concat_channel_pk-(128, 128)_st-32_vk-7_windows_report.csv",S_37,10,10,"['S_37_patch_00', 'S_37_patch_01', 'S_37_patch_02', 'S_37_patch_03']","['/content/drive/MyDrive/TDA_PIPELINE/S_37/clahe+median+unsharp_mask+scharr_var-True_mode-concat_channel_pk-(128, 128)_st-32_vk-7/patch_images/S_37_patch_00.png', '/content/drive/MyDrive/TDA_PIPELINE/S_37/clahe+median+unsharp_mask+scharr_var-True_mode-concat_channel_pk-(128, 128)_st-32_vk-7/patch_images/S_37_patch_01.png', '/content/drive/MyDrive/TDA_PIPELINE/S_37/clahe+median+unsharp_mask+scharr_var-True_mode-concat_channel_pk-(128, 128)_st-32_vk-7/patch_images/S_37_patch_02.png', '/content/drive/MyDrive/TDA_PIPELINE/S_37/clahe+median+unsharp_mask+scharr_var-True_mode-concat_channel_pk-(128, 128)_st-32_vk-7/patch_images/S_37_patch_03.png']",1.0,0.5750725940379265,best_intermediate_k4
S_37_patch_00|S_37_patch_01|S_37_patch_02|S_37_patch_03|S_37_patch_04|S_37_patch_05|S_37_patch_06|S_37_patch_07,True,valid_pairwise_chain_window,,8,clahe+median+unsharp_mask+scharr,cfg_01408,"pre_tda_clahe+median+unsharp_mask+scharr_var-True_mode-concat_channel_pk-(128, 128)_st-32_vk-7",8,8,91266,0,0.0,74.00504944676915,538.9850702881591,91266,23.9795378344619,15.857193977719986,9.0,171.0,18.5,15.0,26.0,11.0,162.0,0,,,,,,,,,,24.2425537109375,3.276491116128508,20.470611572265625,29.5093994140625,9.038787841796877,15.460878982248788,1.9447522432997568,12.01178696492837,18.466123426030443,6.454336461102072,11.875,1.5155444566227676,9.0,14.0,5.0,164.1875,4.152841647595054,158.0,171.0,13.0,18.9375,2.4165768661476505,16.5,22.5,6.0,15.375,1.595893166850463,13.5,18.0,4.5,26.875,5.010925563206861,22.0,36.0,14.0,11.5,3.631459761583488,7.5,19.0,11.5,152.3125,4.022883760438524,146.0,160.5,14.5,1.0,0.0,1.0,1.0,0.0,16384.0,0.0,16384.0,16384.0,0.0,30.861382625161163,8.311140864129355,16.64331697709324,43.04648650006177,26.40316952296853,0.2044562509795996,0.0550611981025708,0.1102617544499543,0.2851824026986742,0.1749206482487198,0.7473859353760111,0.604465646103266,36595.056640625,132.15121173858645,353479.03125,391.8169898986816,3039.79736328125,3.195903702639044,79.3517165197618,81.7987340531529,2.1712428501674106,6.8790283203125,2.181493070189996,5.423646110164848,1.6428571428571428,5.0,5.785714285714286,13.0,1.2857142857142858,5.5,1.1428571428571428,4.5,2.7142857142857144,9.0,2.0,5.0,5.428571428571429,14.5,0.0,0.0,0.0,0.0,9.904295947336475,18.18483255744276,0.0656158294195765,0.1204742747447497,"['S_37_patch_00', 'S_37_patch_01', 'S_37_patch_02', 'S_37_patch_03', 'S_37_patch_04', 'S_37_patch_05', 'S_37_patch_06', 'S_37_patch_07']","['/content/drive/MyDrive/TDA_PIPELINE/S_37/clahe+median+unsharp_mask+scharr_var-True_mode-concat_channel_pk-(128, 128)_st-32_vk-7/patch_images/S_37_patch_00.png', '/content/drive/MyDrive/TDA_PIPELINE/S_37/clahe+median+unsharp_mask+scharr_var-True_mode-concat_channel_pk-(128, 128)_st-32_vk-7/patch_images/S_37_patch_01.png', '/content/drive/MyDrive/TDA_PIPELINE/S_37/clahe+median+unsharp_mask+scharr_var-True_mode-concat_channel_pk-(128, 128)_st-32_vk-7/patch_images/S_37_patch_02.png', '/content/drive/MyDrive/TDA_PIPELINE/S_37/clahe+median+unsharp_mask+scharr_var-True_mode-concat_channel_pk-(128, 128)_st-32_vk-7/patch_images/S_37_patch_03.png', '/content/drive/MyDrive/TDA_PIPELINE/S_37/clahe+median+unsharp_mask+scharr_var-True_mode-concat_channel_pk-(128, 128)_st-32_vk-7/patch_images/S_37_patch_04.png', '/content/drive/MyDrive/TDA_PIPELINE/S_37/clahe+median+unsharp_mask+scharr_var-True_mode-concat_channel_pk-(128, 128)_st-32_vk-7/patch_images/S_37_patch_05.png', '/content/drive/MyDrive/TDA_PIPELINE/S_37/clahe+median+unsharp_mask+scharr_var-True_mode-concat_channel_pk-(128, 128)_st-32_vk-7/patch_images/S_37_patch_06.png', '/content/drive/MyDrive/TDA_PIPELINE/S_37/clahe+median+unsharp_mask+scharr_var-True_mode-concat_channel_pk-(128, 128)_st-32_vk-7/patch_images/S_37_patch_07.png']","[0, 1, 2, 3, 4, 5, 6, 7]","/content/drive/MyDrive/TDA_PIPELINE/patches_processor_S_37/S_37/bands/pre_tda_clahe+median+unsharp_mask+scharr_var-True_mode-concat_channel_pk-(128, 128)_st-32_vk-7","/content/drive/MyDrive/TDA_PIPELINE/patches_processor_S_37/S_37/bands/pre_tda_clahe+median+unsharp_mask+scharr_var-True_mode-concat_channel_pk-(128, 128)_st-32_vk-7/S_37_clahe+median+unsharp_mask+scharr_var-True_mode-concat_channel_pk-(128, 128)_st-32_vk-7_windows_report.csv",S_37,10,10,"['S_37_patch_00', 'S_37_patch_01', 'S_37_patch_02', 'S_37_patch_03', 'S_37_patch_04', 'S_37_patch_05', 'S_37_patch_06', 'S_37_patch_07']","['/content/drive/MyDrive/TDA_PIPELINE/S_37/clahe+median+unsharp_mask+scharr_var-True_mode-concat_channel_pk-(128, 128)_st-32_vk-7/patch_images/S_37_patch_00.png', '/content/drive/MyDrive/TDA_PIPELINE/S_37/clahe+median+unsharp_mask+scharr_var-True_mode-concat_channel_pk-(128, 128)_st-32_vk-7/patch_images/S_37_patch_01.png', '/content/drive/MyDrive/TDA_PIPELINE/S_37/clahe+median+unsharp_mask+scharr_var-True_mode-concat_channel_pk-(128, 128)_st-32_vk-7/patch_images/S_37_patch_02.png', '/content/drive/MyDrive/TDA_PIPELINE/S_37/clahe+median+unsharp_mask+scharr_var-True_mode-concat_channel_pk-(128, 128)_st-32_vk-7/patch_images/S_37_patch_03.png', '/content/drive/MyDrive/TDA_PIPELINE/S_37/clahe+median+unsharp_mask+scharr_var-True_mode-concat_channel_pk-(128, 128)_st-32_vk-7/patch_images/S_37_patch_04.png', '/content/drive/MyDrive/TDA_PIPELINE/S_37/clahe+median+unsharp_mask+scharr_var-True_mode-concat_channel_pk-(128, 128)_st-32_vk-7/patch_images/S_37_patch_05.png', '/content/drive/MyDrive/TDA_PIPELINE/S_37/clahe+median+unsharp_mask+scharr_var-True_mode-concat_channel_pk-(128, 128)_st-32_vk-7/patch_images/S_37_patch_06.png', '/content/drive/MyDrive/TDA_PIPELINE/S_37/clahe+median+unsharp_mask+scharr_var-True_mode-concat_channel_pk-(128, 128)_st-32_vk-7/patch_images/S_37_patch_07.png']",1.0,0.505028200705764,best_global_k8
S_37_patch_01|S_37_patch_02|S_37_patch_03|S_37_patch_04|S_37_patch_05|S_37_patch_06|S_37_patch_07|S_37_patch_08,True,valid_pairwise_chain_window,,8,clahe+median+unsharp_mask+scharr,cfg_01408,"pre_tda_clahe+median+unsharp_mask+scharr_var-True_mode-concat_channel_pk-(128, 128)_st-32_vk-7",8,8,91803,0,0.0,74.00504944676915,540.7800454162128,91803,23.17141596679847,15.432885035915168,9.0,171.0,18.0,15.0,25.0,10.0,162.0,0,,,,,,,,,,23.1748161315918,2.732877721160274,20.470611572265625,28.24737548828125,7.776763916015625,14.757963925019135,1.736613138036461,12.01178696492837,17.43543307509322,5.423646110164848,11.875,1.5155444566227676,9.0,14.0,5.0,163.5625,3.736956482219187,158.0,171.0,13.0,18.3125,2.178553132241672,16.5,22.5,6.0,15.125,1.4737282653189494,13.5,18.0,4.5,25.125,3.822221212855164,22.0,32.0,10.0,10.0,2.537222891273055,7.0,14.0,7.0,151.6875,3.782670187843504,146.0,160.5,14.5,1.0,0.0,1.0,1.0,0.0,16384.0,0.0,16384.0,16384.0,0.0,31.410726107155423,7.672436732959392,16.64331697709324,43.04648650006177,26.40316952296853,0.2080956442690323,0.0508297916963742,0.1102617544499543,0.2851824026986742,0.1749206482487198,0.7473859353760111,0.604465646103266,36595.056640625,132.15121173858645,353479.03125,391.8169898986816,3039.79736328125,3.195903702639044,79.76541477969606,81.7987340531529,2.1622140066964284,6.8790283203125,2.072483589419718,5.423646110164848,1.7142857142857142,5.0,5.285714285714286,13.0,1.3571428571428572,5.5,1.1428571428571428,4.5,2.4285714285714284,9.0,1.7142857142857142,4.5,4.857142857142857,14.5,0.0,0.0,0.0,0.0,9.2418311406257,18.18483255744276,0.06122700885275,0.1204742747447497,"['S_37_patch_01', 'S_37_patch_02', 'S_37_patch_03', 'S_37_patch_04', 'S_37_patch_05', 'S_37_patch_06', 'S_37_patch_07', 'S_37_patch_08']","['/content/drive/MyDrive/TDA_PIPELINE/S_37/clahe+median+unsharp_mask+scharr_var-True_mode-concat_channel_pk-(128, 128)_st-32_vk-7/patch_images/S_37_patch_01.png', '/content/drive/MyDrive/TDA_PIPELINE/S_37/clahe+median+unsharp_mask+scharr_var-True_mode-concat_channel_pk-(128, 128)_st-32_vk-7/patch_images/S_37_patch_02.png', '/content/drive/MyDrive/TDA_PIPELINE/S_37/clahe+median+unsharp_mask+scharr_var-True_mode-concat_channel_pk-(128, 128)_st-32_vk-7/patch_images/S_37_patch_03.png', '/content/drive/MyDrive/TDA_PIPELINE/S_37/clahe+median+unsharp_mask+scharr_var-True_mode-concat_channel_pk-(128, 128)_st-32_vk-7/patch_images/S_37_patch_04.png', '/content/drive/MyDrive/TDA_PIPELINE/S_37/clahe+median+unsharp_mask+scharr_var-True_mode-concat_channel_pk-(128, 128)_st-32_vk-7/patch_images/S_37_patch_05.png', '/content/drive/MyDrive/TDA_PIPELINE/S_37/clahe+median+unsharp_mask+scharr_var-True_mode-concat_channel_pk-(128, 128)_st-32_vk-7/patch_images/S_37_patch_06.png', '/content/drive/MyDrive/TDA_PIPELINE/S_37/clahe+median+unsharp_mask+scharr_var-True_mode-concat_channel_pk-(128, 128)_st-32_vk-7/patch_images/S_37_patch_07.png', '/content/drive/MyDrive/TDA_PIPELINE/S_37/clahe+median+unsharp_mask+scharr_var-True_mode-concat_channel_pk-(128, 128)_st-32_vk-7/patch_images/S_37_patch_08.png']","[1, 2, 3, 4, 5, 6, 7, 8]","/content/drive/MyDrive/TDA_PIPELINE/patches_processor_S_37/S_37/bands/pre_tda_clahe+median+unsharp_mask+scharr_var-True_mode-concat_channel_pk-(128, 128)_st-32_vk-7","/content/drive/MyDrive/TDA_PIPELINE/patches_processor_S_37/S_37/bands/pre_tda_clahe+median+unsharp_mask+scharr_var-True_mode-concat_channel_pk-(128, 128)_st-32_vk-7/S_37_clahe+median+unsharp_mask+scharr_var-True_mode-concat_channel_pk-(128, 128)_st-32_vk-7_windows_report.csv",S_37,10,10,"['S_37_patch_01', 'S_37_patch_02', 'S_37_patch_03', 'S_37_patch_04', 'S_37_patch_05', 'S_37_patch_06', 'S_37_patch_07', 'S_37_patch_08']","['/content/drive/MyDrive/TDA_PIPELINE/S_37/clahe+median+unsharp_mask+scharr_var-True_mode-concat_channel_pk-(128, 128)_st-32_vk-7/patch_images/S_37_patch_01.png', '/content/drive/MyDrive/TDA_PIPELINE/S_37/clahe+median+unsharp_mask+scharr_var-True_mode-concat_channel_pk-(128, 128)_st-32_vk-7/patch_images/S_37_patch_02.png', '/content/drive/MyDrive/TDA_PIPELINE/S_37/clahe+median+unsharp_mask+scharr_var-True_mode-concat_channel_pk-(128, 128)_st-32_vk-7/patch_images/S_37_patch_03.png', '/content/drive/MyDrive/TDA_PIPELINE/S_37/clahe+median+unsharp_mask+scharr_var-True_mode-concat_channel_pk-(128, 128)_st-32_vk-7/patch_images/S_37_patch_04.png', '/content/drive/MyDrive/TDA_PIPELINE/S_37/clahe+median+unsharp_mask+scharr_var-True_mode-concat_channel_pk-(128, 128)_st-32_vk-7/patch_images/S_37_patch_05.png', '/content/drive/MyDrive/TDA_PIPELINE/S_37/clahe+median+unsharp_mask+scharr_var-True_mode-concat_channel_pk-(128, 128)_st-32_vk-7/patch_images/S_37_patch_06.png', '/content/drive/MyDrive/TDA_PIPELINE/S_37/clahe+median+unsharp_mask+scharr_var-True_mode-concat_channel_pk-(128, 128)_st-32_vk-7/patch_images/S_37_patch_07.png', '/content/drive/MyDrive/TDA_PIPELINE/S_37/clahe+median+unsharp_mask+scharr_var-True_mode-concat_channel_pk-(128, 128)_st-32_vk-7/patch_images/S_37_patch_08.png']",1.0,0.49292100503213854,worst_global_k8
S_37_patch_01|S_37_patch_02,True,valid_pairwise_chain_window,,2,clahe+median+unsharp_mask+scharr,cfg_01409,"pre_tda_clahe+median+unsharp_mask+scharr_var-True_mode-concat_channel_pk-(128, 128)_st-64_vk-7",2,2,27118,5650,0.2083486982815842,14.599441662240425,77.97029522978481,27118,27.36641713990707,16.61641027931257,11.5,165.0,21.5,17.0,31.0,14.0,153.5,5650,26.235929203539825,13.698921257004413,14.5,111.0,21.0,17.5,30.0,12.5,96.5,27.687759399414062,0.5596160888671875,27.128143310546875,28.24737548828125,1.119232177734375,16.236314942929777,0.3178017944179183,15.918513148511858,16.554116737347695,0.6356035888358367,13.5,0.5,13.0,14.0,1.0,165.0,0.0,165.0,165.0,0.0,22.0,0.5,21.5,22.5,1.0,17.5,0.5,17.0,18.0,1.0,31.5,0.5,31.0,32.0,1.0,14.0,0.0,14.0,14.0,0.0,151.5,0.5,151.0,152.0,1.0,1.0,0.0,1.0,1.0,0.0,16384.0,0.0,16384.0,16384.0,0.0,23.845833184806644,7.202516207713405,16.64331697709324,31.04834939252005,14.40503241542681,0.1579783288930022,0.0477165744430478,0.1102617544499543,0.20569490333605,0.0954331488860957,0.7473859353760111,0.604465646103266,36595.056640625,132.15121173858645,353479.03125,391.8169898986816,3039.79736328125,3.195903702639044,79.32534673777963,79.32534673777963,1.119232177734375,1.119232177734375,0.6356035888358367,0.6356035888358367,1.0,1.0,0.0,0.0,1.0,1.0,1.0,1.0,1.0,1.0,0.0,0.0,1.0,1.0,0.0,0.0,0.0,0.0,14.40503241542681,14.40503241542681,0.0954331488860957,0.0954331488860957,"['S_37_patch_01', 'S_37_patch_02']","['/content/drive/MyDrive/TDA_PIPELINE/S_37/clahe+median+unsharp_mask+scharr_var-True_mode-concat_channel_pk-(128, 128)_st-64_vk-7/patch_images/S_37_patch_01.png', '/content/drive/MyDrive/TDA_PIPELINE/S_37/clahe+median+unsharp_mask+scharr_var-True_mode-concat_channel_pk-(128, 128)_st-64_vk-7/patch_images/S_37_patch_02.png']","[1, 2]","/content/drive/MyDrive/TDA_PIPELINE/patches_processor_S_37/S_37/bands/pre_tda_clahe+median+unsharp_mask+scharr_var-True_mode-concat_channel_pk-(128, 128)_st-64_vk-7","/content/drive/MyDrive/TDA_PIPELINE/patches_processor_S_37/S_37/bands/pre_tda_clahe+median+unsharp_mask+scharr_var-True_mode-concat_channel_pk-(128, 128)_st-64_vk-7/S_37_clahe+median+unsharp_mask+scharr_var-True_mode-concat_channel_pk-(128, 128)_st-64_vk-7_windows_report.csv",S_37,1,1,"['S_37_patch_01', 'S_37_patch_02']","['/content/drive/MyDrive/TDA_PIPELINE/S_37/clahe+median+unsharp_mask+scharr_var-True_mode-concat_channel_pk-(128, 128)_st-64_vk-7/patch_images/S_37_patch_01.png', '/content/drive/MyDrive/TDA_PIPELINE/S_37/clahe+median+unsharp_mask+scharr_var-True_mode-concat_channel_pk-(128, 128)_st-64_vk-7/patch_images/S_37_patch_02.png']",1.0,0.809404323659993,best_local_k2
S_37_patch_00|S_37_patch_01|S_37_patch_02|S_37_patch_03,True,valid_pairwise_chain_window,,4,clahe+median+unsharp_mask+scharr,cfg_01409,"pre_tda_clahe+median+unsharp_mask+scharr_var-True_mode-concat_channel_pk-(128, 128)_st-64_vk-7",4,4,47753,0,0.0,39.63115420569245,228.80335733245727,47753,25.79777186773606,16.76651751632061,9.0,169.0,20.0,16.0,29.0,13.0,160.0,0,,,,,,,,,,26.563316345214844,3.115372967206316,21.36834716796875,29.5093994140625,8.14105224609375,16.477378104600213,1.2789866707489583,14.97075910651085,18.466123426030443,3.4953643195195934,12.25,1.920286436967152,9.0,14.0,5.0,164.5,3.570714214271425,159.0,169.0,10.0,20.75,2.19374109684803,17.0,22.5,5.5,16.375,1.709349291397168,13.5,18.0,4.5,30.5,4.716990566028302,23.0,36.0,13.0,14.125,3.361082414937188,9.5,19.0,9.5,152.25,2.277608394786075,150.0,156.0,6.0,1.0,0.0,1.0,1.0,0.0,16384.0,0.0,16384.0,16384.0,0.0,25.541674652134446,7.590972003934196,16.64331697709324,34.828149534536,18.18483255744276,0.1692132561442168,0.0502900889459867,0.1102617544499543,0.230736029194704,0.1204742747447497,0.7473859353760111,0.604465646103266,36595.056640625,132.15121173858645,353479.03125,391.8169898986816,3039.79736328125,3.195903702639044,77.52756156344203,79.32534673777963,3.4598388671875,6.8790283203125,1.5888571657304222,2.5476102775185847,2.0,5.0,3.333333333333333,6.0,2.333333333333333,5.5,1.8333333333333333,4.5,5.0,9.0,3.1666666666666665,5.0,2.0,4.0,0.0,0.0,0.0,0.0,14.663777220333705,18.18483255744276,0.0971473297902455,0.1204742747447497,"['S_37_patch_00', 'S_37_patch_01', 'S_37_patch_02', 'S_37_patch_03']","['/content/drive/MyDrive/TDA_PIPELINE/S_37/clahe+median+unsharp_mask+scharr_var-True_mode-concat_channel_pk-(128, 128)_st-64_vk-7/patch_images/S_37_patch_00.png', '/content/drive/MyDrive/TDA_PIPELINE/S_37/clahe+median+unsharp_mask+scharr_var-True_mode-concat_channel_pk-(128, 128)_st-64_vk-7/patch_images/S_37_patch_01.png', '/content/drive/MyDrive/TDA_PIPELINE/S_37/clahe+median+unsharp_mask+scharr_var-True_mode-concat_channel_pk-(128, 128)_st-64_vk-7/patch_images/S_37_patch_02.png', '/content/drive/MyDrive/TDA_PIPELINE/S_37/clahe+median+unsharp_mask+scharr_var-True_mode-concat_channel_pk-(128, 128)_st-64_vk-7/patch_images/S_37_patch_03.png']","[0, 1, 2, 3]","/content/drive/MyDrive/TDA_PIPELINE/patches_processor_S_37/S_37/bands/pre_tda_clahe+median+unsharp_mask+scharr_var-True_mode-concat_channel_pk-(128, 128)_st-64_vk-7","/content/drive/MyDrive/TDA_PIPELINE/patches_processor_S_37/S_37/bands/pre_tda_clahe+median+unsharp_mask+scharr_var-True_mode-concat_channel_pk-(128, 128)_st-64_vk-7/S_37_clahe+median+unsharp_mask+scharr_var-True_mode-concat_channel_pk-(128, 128)_st-64_vk-7_windows_report.csv",S_37,10,10,"['S_37_patch_00', 'S_37_patch_01', 'S_37_patch_02', 'S_37_patch_03']","['/content/drive/MyDrive/TDA_PIPELINE/S_37/clahe+median+unsharp_mask+scharr_var-True_mode-concat_channel_pk-(128, 128)_st-64_vk-7/patch_images/S_37_patch_00.png', '/content/drive/MyDrive/TDA_PIPELINE/S_37/clahe+median+unsharp_mask+scharr_var-True_mode-concat_channel_pk-(128, 128)_st-64_vk-7/patch_images/S_37_patch_01.png', '/content/drive/MyDrive/TDA_PIPELINE/S_37/clahe+median+unsharp_mask+scharr_var-True_mode-concat_channel_pk-(128, 128)_st-64_vk-7/patch_images/S_37_patch_02.png', '/content/drive/MyDrive/TDA_PIPELINE/S_37/clahe+median+unsharp_mask+scharr_var-True_mode-concat_channel_pk-(128, 128)_st-64_vk-7/patch_images/S_37_patch_03.png']",1.0,0.5750725940379265,best_intermediate_k4
S_37_patch_00|S_37_patch_01|S_37_patch_02|S_37_patch_03|S_37_patch_04|S_37_patch_05|S_37_patch_06|S_37_patch_07,True,valid_pairwise_chain_window,,8,clahe+median+unsharp_mask+scharr,cfg_01409,"pre_tda_clahe+median+unsharp_mask+scharr_var-True_mode-concat_channel_pk-(128, 128)_st-64_vk-7",8,8,91266,0,0.0,74.00504944676915,538.9850702881591,91266,23.9795378344619,15.857193977719986,9.0,171.0,18.5,15.0,26.0,11.0,162.0,0,,,,,,,,,,24.2425537109375,3.276491116128508,20.470611572265625,29.5093994140625,9.038787841796877,15.460878982248788,1.9447522432997568,12.01178696492837,18.466123426030443,6.454336461102072,11.875,1.5155444566227676,9.0,14.0,5.0,164.1875,4.152841647595054,158.0,171.0,13.0,18.9375,2.4165768661476505,16.5,22.5,6.0,15.375,1.595893166850463,13.5,18.0,4.5,26.875,5.010925563206861,22.0,36.0,14.0,11.5,3.631459761583488,7.5,19.0,11.5,152.3125,4.022883760438524,146.0,160.5,14.5,1.0,0.0,1.0,1.0,0.0,16384.0,0.0,16384.0,16384.0,0.0,30.861382625161163,8.311140864129355,16.64331697709324,43.04648650006177,26.40316952296853,0.2044562509795996,0.0550611981025708,0.1102617544499543,0.2851824026986742,0.1749206482487198,0.7473859353760111,0.604465646103266,36595.056640625,132.15121173858645,353479.03125,391.8169898986816,3039.79736328125,3.195903702639044,79.3517165197618,81.7987340531529,2.1712428501674106,6.8790283203125,2.181493070189996,5.423646110164848,1.6428571428571428,5.0,5.785714285714286,13.0,1.2857142857142858,5.5,1.1428571428571428,4.5,2.7142857142857144,9.0,2.0,5.0,5.428571428571429,14.5,0.0,0.0,0.0,0.0,9.904295947336475,18.18483255744276,0.0656158294195765,0.1204742747447497,"['S_37_patch_00', 'S_37_patch_01', 'S_37_patch_02', 'S_37_patch_03', 'S_37_patch_04', 'S_37_patch_05', 'S_37_patch_06', 'S_37_patch_07']","['/content/drive/MyDrive/TDA_PIPELINE/S_37/clahe+median+unsharp_mask+scharr_var-True_mode-concat_channel_pk-(128, 128)_st-64_vk-7/patch_images/S_37_patch_00.png', '/content/drive/MyDrive/TDA_PIPELINE/S_37/clahe+median+unsharp_mask+scharr_var-True_mode-concat_channel_pk-(128, 128)_st-64_vk-7/patch_images/S_37_patch_01.png', '/content/drive/MyDrive/TDA_PIPELINE/S_37/clahe+median+unsharp_mask+scharr_var-True_mode-concat_channel_pk-(128, 128)_st-64_vk-7/patch_images/S_37_patch_02.png', '/content/drive/MyDrive/TDA_PIPELINE/S_37/clahe+median+unsharp_mask+scharr_var-True_mode-concat_channel_pk-(128, 128)_st-64_vk-7/patch_images/S_37_patch_03.png', '/content/drive/MyDrive/TDA_PIPELINE/S_37/clahe+median+unsharp_mask+scharr_var-True_mode-concat_channel_pk-(128, 128)_st-64_vk-7/patch_images/S_37_patch_04.png', '/content/drive/MyDrive/TDA_PIPELINE/S_37/clahe+median+unsharp_mask+scharr_var-True_mode-concat_channel_pk-(128, 128)_st-64_vk-7/patch_images/S_37_patch_05.png', '/content/drive/MyDrive/TDA_PIPELINE/S_37/clahe+median+unsharp_mask+scharr_var-True_mode-concat_channel_pk-(128, 128)_st-64_vk-7/patch_images/S_37_patch_06.png', '/content/drive/MyDrive/TDA_PIPELINE/S_37/clahe+median+unsharp_mask+scharr_var-True_mode-concat_channel_pk-(128, 128)_st-64_vk-7/patch_images/S_37_patch_07.png']","[0, 1, 2, 3, 4, 5, 6, 7]","/content/drive/MyDrive/TDA_PIPELINE/patches_processor_S_37/S_37/bands/pre_tda_clahe+median+unsharp_mask+scharr_var-True_mode-concat_channel_pk-(128, 128)_st-64_vk-7","/content/drive/MyDrive/TDA_PIPELINE/patches_processor_S_37/S_37/bands/pre_tda_clahe+median+unsharp_mask+scharr_var-True_mode-concat_channel_pk-(128, 128)_st-64_vk-7/S_37_clahe+median+unsharp_mask+scharr_var-True_mode-concat_channel_pk-(128, 128)_st-64_vk-7_windows_report.csv",S_37,10,10,"['S_37_patch_00', 'S_37_patch_01', 'S_37_patch_02', 'S_37_patch_03', 'S_37_patch_04', 'S_37_patch_05', 'S_37_patch_06', 'S_37_patch_07']","['/content/drive/MyDrive/TDA_PIPELINE/S_37/clahe+median+unsharp_mask+scharr_var-True_mode-concat_channel_pk-(128, 128)_st-64_vk-7/patch_images/S_37_patch_00.png', '/content/drive/MyDrive/TDA_PIPELINE/S_37/clahe+median+unsharp_mask+scharr_var-True_mode-concat_channel_pk-(128, 128)_st-64_vk-7/patch_images/S_37_patch_01.png', '/content/drive/MyDrive/TDA_PIPELINE/S_37/clahe+median+unsharp_mask+scharr_var-True_mode-concat_channel_pk-(128, 128)_st-64_vk-7/patch_images/S_37_patch_02.png', '/content/drive/MyDrive/TDA_PIPELINE/S_37/clahe+median+unsharp_mask+scharr_var-True_mode-concat_channel_pk-(128, 128)_st-64_vk-7/patch_images/S_37_patch_03.png', '/content/drive/MyDrive/TDA_PIPELINE/S_37/clahe+median+unsharp_mask+scharr_var-True_mode-concat_channel_pk-(128, 128)_st-64_vk-7/patch_images/S_37_patch_04.png', '/content/drive/MyDrive/TDA_PIPELINE/S_37/clahe+median+unsharp_mask+scharr_var-True_mode-concat_channel_pk-(128, 128)_st-64_vk-7/patch_images/S_37_patch_05.png', '/content/drive/MyDrive/TDA_PIPELINE/S_37/clahe+median+unsharp_mask+scharr_var-True_mode-concat_channel_pk-(128, 128)_st-64_vk-7/patch_images/S_37_patch_06.png', '/content/drive/MyDrive/TDA_PIPELINE/S_37/clahe+median+unsharp_mask+scharr_var-True_mode-concat_channel_pk-(128, 128)_st-64_vk-7/patch_images/S_37_patch_07.png']",1.0,0.505028200705764,best_global_k8
S_37_patch_01|S_37_patch_02|S_37_patch_03|S_37_patch_04|S_37_patch_05|S_37_patch_06|S_37_patch_07|S_37_patch_08,True,valid_pairwise_chain_window,,8,clahe+median+unsharp_mask+scharr,cfg_01409,"pre_tda_clahe+median+unsharp_mask+scharr_var-True_mode-concat_channel_pk-(128, 128)_st-64_vk-7",8,8,91803,0,0.0,74.00504944676915,540.7800454162128,91803,23.17141596679847,15.432885035915168,9.0,171.0,18.0,15.0,25.0,10.0,162.0,0,,,,,,,,,,23.1748161315918,2.732877721160274,20.470611572265625,28.24737548828125,7.776763916015625,14.757963925019135,1.736613138036461,12.01178696492837,17.43543307509322,5.423646110164848,11.875,1.5155444566227676,9.0,14.0,5.0,163.5625,3.736956482219187,158.0,171.0,13.0,18.3125,2.178553132241672,16.5,22.5,6.0,15.125,1.4737282653189494,13.5,18.0,4.5,25.125,3.822221212855164,22.0,32.0,10.0,10.0,2.537222891273055,7.0,14.0,7.0,151.6875,3.782670187843504,146.0,160.5,14.5,1.0,0.0,1.0,1.0,0.0,16384.0,0.0,16384.0,16384.0,0.0,31.410726107155423,7.672436732959392,16.64331697709324,43.04648650006177,26.40316952296853,0.2080956442690323,0.0508297916963742,0.1102617544499543,0.2851824026986742,0.1749206482487198,0.7473859353760111,0.604465646103266,36595.056640625,132.15121173858645,353479.03125,391.8169898986816,3039.79736328125,3.195903702639044,79.76541477969606,81.7987340531529,2.1622140066964284,6.8790283203125,2.072483589419718,5.423646110164848,1.7142857142857142,5.0,5.285714285714286,13.0,1.3571428571428572,5.5,1.1428571428571428,4.5,2.4285714285714284,9.0,1.7142857142857142,4.5,4.857142857142857,14.5,0.0,0.0,0.0,0.0,9.2418311406257,18.18483255744276,0.06122700885275,0.1204742747447497,"['S_37_patch_01', 'S_37_patch_02', 'S_37_patch_03', 'S_37_patch_04', 'S_37_patch_05', 'S_37_patch_06', 'S_37_patch_07', 'S_37_patch_08']","['/content/drive/MyDrive/TDA_PIPELINE/S_37/clahe+median+unsharp_mask+scharr_var-True_mode-concat_channel_pk-(128, 128)_st-64_vk-7/patch_images/S_37_patch_01.png', '/content/drive/MyDrive/TDA_PIPELINE/S_37/clahe+median+unsharp_mask+scharr_var-True_mode-concat_channel_pk-(128, 128)_st-64_vk-7/patch_images/S_37_patch_02.png', '/content/drive/MyDrive/TDA_PIPELINE/S_37/clahe+median+unsharp_mask+scharr_var-True_mode-concat_channel_pk-(128, 128)_st-64_vk-7/patch_images/S_37_patch_03.png', '/content/drive/MyDrive/TDA_PIPELINE/S_37/clahe+median+unsharp_mask+scharr_var-True_mode-concat_channel_pk-(128, 128)_st-64_vk-7/patch_images/S_37_patch_04.png', '/content/drive/MyDrive/TDA_PIPELINE/S_37/clahe+median+unsharp_mask+scharr_var-True_mode-concat_channel_pk-(128, 128)_st-64_vk-7/patch_images/S_37_patch_05.png', '/content/drive/MyDrive/TDA_PIPELINE/S_37/clahe+median+unsharp_mask+scharr_var-True_mode-concat_channel_pk-(128, 128)_st-64_vk-7/patch_images/S_37_patch_06.png', '/content/drive/MyDrive/TDA_PIPELINE/S_37/clahe+median+unsharp_mask+scharr_var-True_mode-concat_channel_pk-(128, 128)_st-64_vk-7/patch_images/S_37_patch_07.png', '/content/drive/MyDrive/TDA_PIPELINE/S_37/clahe+median+unsharp_mask+scharr_var-True_mode-concat_channel_pk-(128, 128)_st-64_vk-7/patch_images/S_37_patch_08.png']","[1, 2, 3, 4, 5, 6, 7, 8]","/content/drive/MyDrive/TDA_PIPELINE/patches_processor_S_37/S_37/bands/pre_tda_clahe+median+unsharp_mask+scharr_var-True_mode-concat_channel_pk-(128, 128)_st-64_vk-7","/content/drive/MyDrive/TDA_PIPELINE/patches_processor_S_37/S_37/bands/pre_tda_clahe+median+unsharp_mask+scharr_var-True_mode-concat_channel_pk-(128, 128)_st-64_vk-7/S_37_clahe+median+unsharp_mask+scharr_var-True_mode-concat_channel_pk-(128, 128)_st-64_vk-7_windows_report.csv",S_37,10,10,"['S_37_patch_01', 'S_37_patch_02', 'S_37_patch_03', 'S_37_patch_04', 'S_37_patch_05', 'S_37_patch_06', 'S_37_patch_07', 'S_37_patch_08']","['/content/drive/MyDrive/TDA_PIPELINE/S_37/clahe+median+unsharp_mask+scharr_var-True_mode-concat_channel_pk-(128, 128)_st-64_vk-7/patch_images/S_37_patch_01.png', '/content/drive/MyDrive/TDA_PIPELINE/S_37/clahe+median+unsharp_mask+scharr_var-True_mode-concat_channel_pk-(128, 128)_st-64_vk-7/patch_images/S_37_patch_02.png', '/content/drive/MyDrive/TDA_PIPELINE/S_37/clahe+median+unsharp_mask+scharr_var-True_mode-concat_channel_pk-(128, 128)_st-64_vk-7/patch_images/S_37_patch_03.png', '/content/drive/MyDrive/TDA_PIPELINE/S_37/clahe+median+unsharp_mask+scharr_var-True_mode-concat_channel_pk-(128, 128)_st-64_vk-7/patch_images/S_37_patch_04.png', '/content/drive/MyDrive/TDA_PIPELINE/S_37/clahe+median+unsharp_mask+scharr_var-True_mode-concat_channel_pk-(128, 128)_st-64_vk-7/patch_images/S_37_patch_05.png', '/content/drive/MyDrive/TDA_PIPELINE/S_37/clahe+median+unsharp_mask+scharr_var-True_mode-concat_channel_pk-(128, 128)_st-64_vk-7/patch_images/S_37_patch_06.png', '/content/drive/MyDrive/TDA_PIPELINE/S_37/clahe+median+unsharp_mask+scharr_var-True_mode-concat_channel_pk-(128, 128)_st-64_vk-7/patch_images/S_37_patch_07.png', '/content/drive/MyDrive/TDA_PIPELINE/S_37/clahe+median+unsharp_mask+scharr_var-True_mode-concat_channel_pk-(128, 128)_st-64_vk-7/patch_images/S_37_patch_08.png']",1.0,0.49292100503213854,worst_global_k8
S_37_patch_01|S_37_patch_02,True,valid_pairwise_chain_window,,2,clahe+median+unsharp_mask+sobel,cfg_01432,"pre_tda_clahe+median+unsharp_mask+sobel_var-True_mode-concat_channel_pk-(128, 128)_st-32_vk-7",2,2,27118,5650,0.2083486982815842,14.599441662240425,77.97029522978481,27118,26.532284829264697,15.50679435962662,10.5,164.0,21.0,17.0,30.0,13.0,153.5,5650,25.62707964601769,12.818396326837714,12.5,105.5,21.0,17.0,29.0,12.0,93.0,27.03233337402344,0.0857696533203125,26.946563720703125,27.11810302734375,0.171539306640625,15.15966204991532,0.2588128527889966,14.900849197126323,15.418474902704316,0.5176257055779931,12.75,0.25,12.5,13.0,0.5,164.0,0.0,164.0,164.0,0.0,22.0,0.0,22.0,22.0,0.0,17.5,0.0,17.5,17.5,0.0,31.0,0.0,31.0,31.0,0.0,13.5,0.0,13.5,13.5,0.0,151.25,0.25,151.0,151.5,0.5,1.0,0.0,1.0,1.0,0.0,16384.0,0.0,16384.0,16384.0,0.0,23.845833184806644,7.202516207713405,16.64331697709324,31.04834939252005,14.40503241542681,0.1579783288930022,0.0477165744430478,0.1102617544499543,0.20569490333605,0.0954331488860957,0.7473859353760111,0.604465646103266,451803.546875,478.5182342529297,3141876.71875,1203.4495849609375,37481.12109375,12.705934971570969,79.32534673777963,79.32534673777963,0.171539306640625,0.171539306640625,0.5176257055779931,0.5176257055779931,0.5,0.5,0.0,0.0,0.0,0.0,0.0,0.0,0.0,0.0,0.0,0.0,0.5,0.5,0.0,0.0,0.0,0.0,14.40503241542681,14.40503241542681,0.0954331488860957,0.0954331488860957,"['S_37_patch_01', 'S_37_patch_02']","['/content/drive/MyDrive/TDA_PIPELINE/S_37/clahe+median+unsharp_mask+sobel_var-True_mode-concat_channel_pk-(128, 128)_st-32_vk-7/patch_images/S_37_patch_01.png', '/content/drive/MyDrive/TDA_PIPELINE/S_37/clahe+median+unsharp_mask+sobel_var-True_mode-concat_channel_pk-(128, 128)_st-32_vk-7/patch_images/S_37_patch_02.png']","[1, 2]","/content/drive/MyDrive/TDA_PIPELINE/patches_processor_S_37/S_37/bands/pre_tda_clahe+median+unsharp_mask+sobel_var-True_mode-concat_channel_pk-(128, 128)_st-32_vk-7","/content/drive/MyDrive/TDA_PIPELINE/patches_processor_S_37/S_37/bands/pre_tda_clahe+median+unsharp_mask+sobel_var-True_mode-concat_channel_pk-(128, 128)_st-32_vk-7/S_37_clahe+median+unsharp_mask+sobel_var-True_mode-concat_channel_pk-(128, 128)_st-32_vk-7_windows_report.csv",S_37,1,1,"['S_37_patch_01', 'S_37_patch_02']","['/content/drive/MyDrive/TDA_PIPELINE/S_37/clahe+median+unsharp_mask+sobel_var-True_mode-concat_channel_pk-(128, 128)_st-32_vk-7/patch_images/S_37_patch_01.png', '/content/drive/MyDrive/TDA_PIPELINE/S_37/clahe+median+unsharp_mask+sobel_var-True_mode-concat_channel_pk-(128, 128)_st-32_vk-7/patch_images/S_37_patch_02.png']",1.0,0.8064542697787939,best_local_k2
S_37_patch_00|S_37_patch_01|S_37_patch_02|S_37_patch_03,True,valid_pairwise_chain_window,,4,clahe+median+unsharp_mask+sobel,cfg_01432,"pre_tda_clahe+median+unsharp_mask+sobel_var-True_mode-concat_channel_pk-(128, 128)_st-32_vk-7",4,4,47753,0,0.0,39.63115420569245,228.80335733245727,47753,25.082162377232844,15.75704415406394,8.0,170.0,19.5,16.0,28.5,12.5,162.0,0,,,,,,,,,,25.745155334472656,3.148779825723352,20.3948974609375,28.52105712890625,8.12615966796875,15.26870602935512,0.8102126049151959,14.27225298995949,16.483247027630348,2.210994037670858,11.625,2.1028254801575903,8.0,13.0,5.0,165.0,3.0,162.0,170.0,8.0,20.5,2.598076211353316,16.0,22.0,6.0,16.25,1.887458608817688,13.0,17.5,4.5,29.625,4.292071178347349,22.5,34.0,11.5,13.375,2.6545950726994127,9.5,17.0,7.5,153.375,2.381569860407206,151.0,157.0,6.0,1.0,0.0,1.0,1.0,0.0,16384.0,0.0,16384.0,16384.0,0.0,25.385952956743985,7.402931343595017,16.64331697709324,34.20526275297414,17.561945775880904,0.1681816019755613,0.0490443220627709,0.1102617544499543,0.2266094125200818,0.1163476580701275,0.7473859353760111,0.604465646103266,451803.546875,478.5182342529297,3141876.71875,1203.4495849609375,37481.12109375,12.705934971570969,77.52756156344203,79.32534673777963,2.823079427083333,6.72320556640625,1.0820818162756147,1.582397830504025,1.6666666666666667,4.5,2.6666666666666665,6.0,2.0,6.0,1.6666666666666667,4.5,3.8333333333333335,8.5,2.5,4.0,3.0,6.0,0.0,0.0,0.0,0.0,14.456148293146422,17.561945775880904,0.0957717908987048,0.1163476580701275,"['S_37_patch_00', 'S_37_patch_01', 'S_37_patch_02', 'S_37_patch_03']","['/content/drive/MyDrive/TDA_PIPELINE/S_37/clahe+median+unsharp_mask+sobel_var-True_mode-concat_channel_pk-(128, 128)_st-32_vk-7/patch_images/S_37_patch_00.png', '/content/drive/MyDrive/TDA_PIPELINE/S_37/clahe+median+unsharp_mask+sobel_var-True_mode-concat_channel_pk-(128, 128)_st-32_vk-7/patch_images/S_37_patch_01.png', '/content/drive/MyDrive/TDA_PIPELINE/S_37/clahe+median+unsharp_mask+sobel_var-True_mode-concat_channel_pk-(128, 128)_st-32_vk-7/patch_images/S_37_patch_02.png', '/content/drive/MyDrive/TDA_PIPELINE/S_37/clahe+median+unsharp_mask+sobel_var-True_mode-concat_channel_pk-(128, 128)_st-32_vk-7/patch_images/S_37_patch_03.png']","[0, 1, 2, 3]","/content/drive/MyDrive/TDA_PIPELINE/patches_processor_S_37/S_37/bands/pre_tda_clahe+median+unsharp_mask+sobel_var-True_mode-concat_channel_pk-(128, 128)_st-32_vk-7","/content/drive/MyDrive/TDA_PIPELINE/patches_processor_S_37/S_37/bands/pre_tda_clahe+median+unsharp_mask+sobel_var-True_mode-concat_channel_pk-(128, 128)_st-32_vk-7/S_37_clahe+median+unsharp_mask+sobel_var-True_mode-concat_channel_pk-(128, 128)_st-32_vk-7_windows_report.csv",S_37,10,10,"['S_37_patch_00', 'S_37_patch_01', 'S_37_patch_02', 'S_37_patch_03']","['/content/drive/MyDrive/TDA_PIPELINE/S_37/clahe+median+unsharp_mask+sobel_var-True_mode-concat_channel_pk-(128, 128)_st-32_vk-7/patch_images/S_37_patch_00.png', '/content/drive/MyDrive/TDA_PIPELINE/S_37/clahe+median+unsharp_mask+sobel_var-True_mode-concat_channel_pk-(128, 128)_st-32_vk-7/patch_images/S_37_patch_01.png', '/content/drive/MyDrive/TDA_PIPELINE/S_37/clahe+median+unsharp_mask+sobel_var-True_mode-concat_channel_pk-(128, 128)_st-32_vk-7/patch_images/S_37_patch_02.png', '/content/drive/MyDrive/TDA_PIPELINE/S_37/clahe+median+unsharp_mask+sobel_var-True_mode-concat_channel_pk-(128, 128)_st-32_vk-7/patch_images/S_37_patch_03.png']",1.0,0.5800334290301162,best_intermediate_k4
S_37_patch_00|S_37_patch_01|S_37_patch_02|S_37_patch_03|S_37_patch_04|S_37_patch_05|S_37_patch_06|S_37_patch_07,True,valid_pairwise_chain_window,,8,clahe+median+unsharp_mask+sobel,cfg_01432,"pre_tda_clahe+median+unsharp_mask+sobel_var-True_mode-concat_channel_pk-(128, 128)_st-32_vk-7",8,8,91266,0,0.0,74.00504944676915,538.9850702881591,91266,23.51882409659676,15.21897744078594,8.0,170.0,18.0,15.0,26.0,11.0,162.0,0,,,,,,,,,,23.7540283203125,3.120063243617545,19.87265014648437,28.52105712890625,8.648406982421875,14.847117539867934,1.6004869957613224,11.752517844767024,17.424507537088562,5.671989692321537,11.25,1.6583123951777,8.0,13.0,5.0,164.375,2.246525094451429,162.0,170.0,8.0,18.75,2.57390753524675,16.0,22.0,6.0,15.25,1.695582495781317,13.0,17.5,4.5,26.25,4.69041575982343,21.0,34.0,13.0,11.0,3.181980515339464,7.0,17.0,10.0,153.125,1.899835519196333,151.0,157.0,6.0,1.0,0.0,1.0,1.0,0.0,16384.0,0.0,16384.0,16384.0,0.0,31.241208869036345,8.328377297003588,16.64331697709324,43.10452412450461,26.46120714741137,0.2069725948125901,0.0551753892419806,0.1102617544499543,0.2855669011916118,0.1753051467416574,0.7473859353760111,0.604465646103266,451803.546875,478.5182342529297,3141876.71875,1203.4495849609375,37481.12109375,12.705934971570969,79.3517165197618,81.7987340531529,2.187408447265625,6.72320556640625,2.133721531161452,5.671989692321537,1.2857142857142858,4.5,1.7857142857142858,6.0,1.1428571428571428,6.0,1.0,4.5,2.4285714285714284,8.5,1.8571428571428568,4.0,1.7857142857142858,6.0,0.0,0.0,0.0,0.0,9.054070492363865,17.561945775880904,0.0599830970458364,0.1163476580701275,"['S_37_patch_00', 'S_37_patch_01', 'S_37_patch_02', 'S_37_patch_03', 'S_37_patch_04', 'S_37_patch_05', 'S_37_patch_06', 'S_37_patch_07']","['/content/drive/MyDrive/TDA_PIPELINE/S_37/clahe+median+unsharp_mask+sobel_var-True_mode-concat_channel_pk-(128, 128)_st-32_vk-7/patch_images/S_37_patch_00.png', '/content/drive/MyDrive/TDA_PIPELINE/S_37/clahe+median+unsharp_mask+sobel_var-True_mode-concat_channel_pk-(128, 128)_st-32_vk-7/patch_images/S_37_patch_01.png', '/content/drive/MyDrive/TDA_PIPELINE/S_37/clahe+median+unsharp_mask+sobel_var-True_mode-concat_channel_pk-(128, 128)_st-32_vk-7/patch_images/S_37_patch_02.png', '/content/drive/MyDrive/TDA_PIPELINE/S_37/clahe+median+unsharp_mask+sobel_var-True_mode-concat_channel_pk-(128, 128)_st-32_vk-7/patch_images/S_37_patch_03.png', '/content/drive/MyDrive/TDA_PIPELINE/S_37/clahe+median+unsharp_mask+sobel_var-True_mode-concat_channel_pk-(128, 128)_st-32_vk-7/patch_images/S_37_patch_04.png', '/content/drive/MyDrive/TDA_PIPELINE/S_37/clahe+median+unsharp_mask+sobel_var-True_mode-concat_channel_pk-(128, 128)_st-32_vk-7/patch_images/S_37_patch_05.png', '/content/drive/MyDrive/TDA_PIPELINE/S_37/clahe+median+unsharp_mask+sobel_var-True_mode-concat_channel_pk-(128, 128)_st-32_vk-7/patch_images/S_37_patch_06.png', '/content/drive/MyDrive/TDA_PIPELINE/S_37/clahe+median+unsharp_mask+sobel_var-True_mode-concat_channel_pk-(128, 128)_st-32_vk-7/patch_images/S_37_patch_07.png']","[0, 1, 2, 3, 4, 5, 6, 7]","/content/drive/MyDrive/TDA_PIPELINE/patches_processor_S_37/S_37/bands/pre_tda_clahe+median+unsharp_mask+sobel_var-True_mode-concat_channel_pk-(128, 128)_st-32_vk-7","/content/drive/MyDrive/TDA_PIPELINE/patches_processor_S_37/S_37/bands/pre_tda_clahe+median+unsharp_mask+sobel_var-True_mode-concat_channel_pk-(128, 128)_st-32_vk-7/S_37_clahe+median+unsharp_mask+sobel_var-True_mode-concat_channel_pk-(128, 128)_st-32_vk-7_windows_report.csv",S_37,10,10,"['S_37_patch_00', 'S_37_patch_01', 'S_37_patch_02', 'S_37_patch_03', 'S_37_patch_04', 'S_37_patch_05', 'S_37_patch_06', 'S_37_patch_07']","['/content/drive/MyDrive/TDA_PIPELINE/S_37/clahe+median+unsharp_mask+sobel_var-True_mode-concat_channel_pk-(128, 128)_st-32_vk-7/patch_images/S_37_patch_00.png', '/content/drive/MyDrive/TDA_PIPELINE/S_37/clahe+median+unsharp_mask+sobel_var-True_mode-concat_channel_pk-(128, 128)_st-32_vk-7/patch_images/S_37_patch_01.png', '/content/drive/MyDrive/TDA_PIPELINE/S_37/clahe+median+unsharp_mask+sobel_var-True_mode-concat_channel_pk-(128, 128)_st-32_vk-7/patch_images/S_37_patch_02.png', '/content/drive/MyDrive/TDA_PIPELINE/S_37/clahe+median+unsharp_mask+sobel_var-True_mode-concat_channel_pk-(128, 128)_st-32_vk-7/patch_images/S_37_patch_03.png', '/content/drive/MyDrive/TDA_PIPELINE/S_37/clahe+median+unsharp_mask+sobel_var-True_mode-concat_channel_pk-(128, 128)_st-32_vk-7/patch_images/S_37_patch_04.png', '/content/drive/MyDrive/TDA_PIPELINE/S_37/clahe+median+unsharp_mask+sobel_var-True_mode-concat_channel_pk-(128, 128)_st-32_vk-7/patch_images/S_37_patch_05.png', '/content/drive/MyDrive/TDA_PIPELINE/S_37/clahe+median+unsharp_mask+sobel_var-True_mode-concat_channel_pk-(128, 128)_st-32_vk-7/patch_images/S_37_patch_06.png', '/content/drive/MyDrive/TDA_PIPELINE/S_37/clahe+median+unsharp_mask+sobel_var-True_mode-concat_channel_pk-(128, 128)_st-32_vk-7/patch_images/S_37_patch_07.png']",1.0,0.49378836018827466,best_global_k8
S_37_patch_01|S_37_patch_02|S_37_patch_03|S_37_patch_04|S_37_patch_05|S_37_patch_06|S_37_patch_07|S_37_patch_08,True,valid_pairwise_chain_window,,8,clahe+median+unsharp_mask+sobel,cfg_01432,"pre_tda_clahe+median+unsharp_mask+sobel_var-True_mode-concat_channel_pk-(128, 128)_st-32_vk-7",8,8,91803,0,0.0,74.00504944676915,540.7800454162128,91803,22.72141433286494,14.869234255102937,8.0,164.5,18.0,15.0,24.5,9.5,156.5,0,,,,,,,,,,22.7607421875,2.677885138509265,19.87265014648437,27.11810302734375,7.245452880859375,14.272895864520844,1.7293554636264423,11.752517844767024,17.424507537088562,5.671989692321537,11.125,1.5562374497485916,8.0,13.0,5.0,163.625,0.739509972887452,162.0,164.5,2.5,18.125,2.301494079940246,16.0,22.0,6.0,15.0,1.5612494995995996,13.0,17.5,4.5,24.6875,3.8563057127255873,21.0,31.0,10.0,9.6875,2.536452985962878,6.5,13.5,7.0,152.5,1.224744871391589,151.0,154.5,3.5,1.0,0.0,1.0,1.0,0.0,16384.0,0.0,16384.0,16384.0,0.0,31.79055235103061,7.663927271078591,16.64331697709324,43.10452412450461,26.46120714741137,0.2106119881020228,0.0507734166241639,0.1102617544499543,0.2855669011916118,0.1753051467416574,0.7473859353760111,0.604465646103266,451803.546875,478.5182342529297,3141876.71875,1203.4495849609375,37481.12109375,12.705934971570969,79.76541477969606,81.7987340531529,2.3751613071986606,6.72320556640625,2.297465448198895,5.671989692321537,1.2857142857142858,4.5,1.0,2.0,1.2857142857142858,6.0,0.9285714285714286,4.5,2.5,8.5,1.8571428571428568,4.0,1.0,2.5,0.0,0.0,0.0,0.0,8.866784647117843,17.561945775880904,0.0587423308026115,0.1163476580701275,"['S_37_patch_01', 'S_37_patch_02', 'S_37_patch_03', 'S_37_patch_04', 'S_37_patch_05', 'S_37_patch_06', 'S_37_patch_07', 'S_37_patch_08']","['/content/drive/MyDrive/TDA_PIPELINE/S_37/clahe+median+unsharp_mask+sobel_var-True_mode-concat_channel_pk-(128, 128)_st-32_vk-7/patch_images/S_37_patch_01.png', '/content/drive/MyDrive/TDA_PIPELINE/S_37/clahe+median+unsharp_mask+sobel_var-True_mode-concat_channel_pk-(128, 128)_st-32_vk-7/patch_images/S_37_patch_02.png', '/content/drive/MyDrive/TDA_PIPELINE/S_37/clahe+median+unsharp_mask+sobel_var-True_mode-concat_channel_pk-(128, 128)_st-32_vk-7/patch_images/S_37_patch_03.png', '/content/drive/MyDrive/TDA_PIPELINE/S_37/clahe+median+unsharp_mask+sobel_var-True_mode-concat_channel_pk-(128, 128)_st-32_vk-7/patch_images/S_37_patch_04.png', '/content/drive/MyDrive/TDA_PIPELINE/S_37/clahe+median+unsharp_mask+sobel_var-True_mode-concat_channel_pk-(128, 128)_st-32_vk-7/patch_images/S_37_patch_05.png', '/content/drive/MyDrive/TDA_PIPELINE/S_37/clahe+median+unsharp_mask+sobel_var-True_mode-concat_channel_pk-(128, 128)_st-32_vk-7/patch_images/S_37_patch_06.png', '/content/drive/MyDrive/TDA_PIPELINE/S_37/clahe+median+unsharp_mask+sobel_var-True_mode-concat_channel_pk-(128, 128)_st-32_vk-7/patch_images/S_37_patch_07.png', '/content/drive/MyDrive/TDA_PIPELINE/S_37/clahe+median+unsharp_mask+sobel_var-True_mode-concat_channel_pk-(128, 128)_st-32_vk-7/patch_images/S_37_patch_08.png']","[1, 2, 3, 4, 5, 6, 7, 8]","/content/drive/MyDrive/TDA_PIPELINE/patches_processor_S_37/S_37/bands/pre_tda_clahe+median+unsharp_mask+sobel_var-True_mode-concat_channel_pk-(128, 128)_st-32_vk-7","/content/drive/MyDrive/TDA_PIPELINE/patches_processor_S_37/S_37/bands/pre_tda_clahe+median+unsharp_mask+sobel_var-True_mode-concat_channel_pk-(128, 128)_st-32_vk-7/S_37_clahe+median+unsharp_mask+sobel_var-True_mode-concat_channel_pk-(128, 128)_st-32_vk-7_windows_report.csv",S_37,10,10,"['S_37_patch_01', 'S_37_patch_02', 'S_37_patch_03', 'S_37_patch_04', 'S_37_patch_05', 'S_37_patch_06', 'S_37_patch_07', 'S_37_patch_08']","['/content/drive/MyDrive/TDA_PIPELINE/S_37/clahe+median+unsharp_mask+sobel_var-True_mode-concat_channel_pk-(128, 128)_st-32_vk-7/patch_images/S_37_patch_01.png', '/content/drive/MyDrive/TDA_PIPELINE/S_37/clahe+median+unsharp_mask+sobel_var-True_mode-concat_channel_pk-(128, 128)_st-32_vk-7/patch_images/S_37_patch_02.png', '/content/drive/MyDrive/TDA_PIPELINE/S_37/clahe+median+unsharp_mask+sobel_var-True_mode-concat_channel_pk-(128, 128)_st-32_vk-7/patch_images/S_37_patch_03.png', '/content/drive/MyDrive/TDA_PIPELINE/S_37/clahe+median+unsharp_mask+sobel_var-True_mode-concat_channel_pk-(128, 128)_st-32_vk-7/patch_images/S_37_patch_04.png', '/content/drive/MyDrive/TDA_PIPELINE/S_37/clahe+median+unsharp_mask+sobel_var-True_mode-concat_channel_pk-(128, 128)_st-32_vk-7/patch_images/S_37_patch_05.png', '/content/drive/MyDrive/TDA_PIPELINE/S_37/clahe+median+unsharp_mask+sobel_var-True_mode-concat_channel_pk-(128, 128)_st-32_vk-7/patch_images/S_37_patch_06.png', '/content/drive/MyDrive/TDA_PIPELINE/S_37/clahe+median+unsharp_mask+sobel_var-True_mode-concat_channel_pk-(128, 128)_st-32_vk-7/patch_images/S_37_patch_07.png', '/content/drive/MyDrive/TDA_PIPELINE/S_37/clahe+median+unsharp_mask+sobel_var-True_mode-concat_channel_pk-(128, 128)_st-32_vk-7/patch_images/S_37_patch_08.png']",1.0,0.4736768132555705,worst_global_k8
S_37_patch_01|S_37_patch_02,True,valid_pairwise_chain_window,,2,sobel,cfg_02112,"pre_tda_sobel_var-False_mode-none_pk-(128, 128)_st-32_vk-7",2,2,27118,5650,0.2083486982815842,14.599441662240425,77.97029522978481,27118,119.53116011505271,25.305274704294888,0.0,255.0,119.5,107.0,131.0,24.0,255.0,5650,120.36805309734514,24.99495483104601,18.5,255.0,119.5,109.0,130.5,21.5,236.5,122.2397003173828,2.3246307373046875,119.91506958007812,124.5643310546875,4.649261474609375,25.01002163530245,0.3699004710699363,24.640121164232514,25.379922106372387,0.7398009421398726,0.0,0.0,0.0,0.0,0.0,255.0,0.0,255.0,255.0,0.0,121.5,2.5,119.0,124.0,5.0,111.25,2.75,108.5,114.0,5.5,133.0,2.0,131.0,135.0,4.0,21.75,0.75,21.0,22.5,1.5,255.0,0.0,255.0,255.0,0.0,1.0,0.0,1.0,1.0,0.0,16384.0,0.0,16384.0,16384.0,0.0,25.13691092315834,5.927538210859794,19.209372712298546,31.064449134018133,11.855076421719588,0.1665317018028534,0.0392698621073004,0.127261839695553,0.2058015639101539,0.0785397242146009,0.7473859353760111,0.604465646103266,520562.96875,504.7436828613281,4631852.25,1433.6114501953125,54976.837890625,20.9320068359375,79.32534673777963,79.32534673777963,4.649261474609375,4.649261474609375,0.7398009421398726,0.7398009421398726,0.0,0.0,0.0,0.0,5.0,5.0,5.5,5.5,4.0,4.0,1.5,1.5,0.0,0.0,0.0,0.0,0.0,0.0,11.855076421719588,11.855076421719588,0.0785397242146009,0.0785397242146009,"['S_37_patch_01', 'S_37_patch_02']","['/content/drive/MyDrive/TDA_PIPELINE/S_37/sobel_var-False_mode-none_pk-(128, 128)_st-32_vk-7/patch_images/S_37_patch_01.png', '/content/drive/MyDrive/TDA_PIPELINE/S_37/sobel_var-False_mode-none_pk-(128, 128)_st-32_vk-7/patch_images/S_37_patch_02.png']","[1, 2]","/content/drive/MyDrive/TDA_PIPELINE/patches_processor_S_37/S_37/bands/pre_tda_sobel_var-False_mode-none_pk-(128, 128)_st-32_vk-7","/content/drive/MyDrive/TDA_PIPELINE/patches_processor_S_37/S_37/bands/pre_tda_sobel_var-False_mode-none_pk-(128, 128)_st-32_vk-7/S_37_sobel_var-False_mode-none_pk-(128, 128)_st-32_vk-7_windows_report.csv",S_37,1,1,"['S_37_patch_01', 'S_37_patch_02']","['/content/drive/MyDrive/TDA_PIPELINE/S_37/sobel_var-False_mode-none_pk-(128, 128)_st-32_vk-7/patch_images/S_37_patch_01.png', '/content/drive/MyDrive/TDA_PIPELINE/S_37/sobel_var-False_mode-none_pk-(128, 128)_st-32_vk-7/patch_images/S_37_patch_02.png']",1.0,0.8867601728503939,best_local_k2
S_37_patch_00|S_37_patch_01|S_37_patch_02|S_37_patch_03,True,valid_pairwise_chain_window,,4,sobel,cfg_02112,"pre_tda_sobel_var-False_mode-none_pk-(128, 128)_st-32_vk-7",4,4,47753,0,0.0,39.63115420569245,228.80335733245727,47753,117.36262643184722,26.972077611683872,0.0,255.0,118.5,99.0,133.0,34.0,255.0,0,,,,,,,,,,119.5583953857422,12.909624174693322,99.17019653320312,134.583984375,35.413787841796875,24.338063433537734,0.8622319777422188,22.99752018965271,25.379922106372387,2.382401916719676,0.0,0.0,0.0,0.0,0.0,255.0,0.0,255.0,255.0,0.0,118.75,13.827056809024834,97.0,135.0,38.0,108.625,13.826491782082684,87.0,125.0,38.0,129.75,12.871965661856,109.0,144.0,35.0,21.125,1.340475661845451,19.0,22.5,3.5,255.0,0.0,255.0,255.0,0.0,1.0,0.0,1.0,1.0,0.0,16384.0,0.0,16384.0,16384.0,0.0,30.2044254959831,6.759636118727571,19.209372712298546,37.48332962798263,18.27395691568408,0.2001039187034508,0.0447824997216602,0.127261839695553,0.2483265621327573,0.1210647224372043,0.7473859353760111,0.604465646103266,520562.96875,504.7436828613281,4631852.25,1433.6114501953125,54976.837890625,20.9320068359375,77.52756156344203,79.32534673777963,11.804595947265623,20.744873046875,1.1425445830662455,2.382401916719676,0.0,0.0,0.0,0.0,12.666666666666666,22.0,12.666666666666666,21.5,11.666666666666666,22.0,1.3333333333333333,2.0,0.0,0.0,0.0,0.0,0.0,0.0,10.708378237672871,13.851177797334536,0.0709428639389968,0.091763869379786,"['S_37_patch_00', 'S_37_patch_01', 'S_37_patch_02', 'S_37_patch_03']","['/content/drive/MyDrive/TDA_PIPELINE/S_37/sobel_var-False_mode-none_pk-(128, 128)_st-32_vk-7/patch_images/S_37_patch_00.png', '/content/drive/MyDrive/TDA_PIPELINE/S_37/sobel_var-False_mode-none_pk-(128, 128)_st-32_vk-7/patch_images/S_37_patch_01.png', '/content/drive/MyDrive/TDA_PIPELINE/S_37/sobel_var-False_mode-none_pk-(128, 128)_st-32_vk-7/patch_images/S_37_patch_02.png', '/content/drive/MyDrive/TDA_PIPELINE/S_37/sobel_var-False_mode-none_pk-(128, 128)_st-32_vk-7/patch_images/S_37_patch_03.png']","[0, 1, 2, 3]","/content/drive/MyDrive/TDA_PIPELINE/patches_processor_S_37/S_37/bands/pre_tda_sobel_var-False_mode-none_pk-(128, 128)_st-32_vk-7","/content/drive/MyDrive/TDA_PIPELINE/patches_processor_S_37/S_37/bands/pre_tda_sobel_var-False_mode-none_pk-(128, 128)_st-32_vk-7/S_37_sobel_var-False_mode-none_pk-(128, 128)_st-32_vk-7_windows_report.csv",S_37,10,10,"['S_37_patch_00', 'S_37_patch_01', 'S_37_patch_02', 'S_37_patch_03']","['/content/drive/MyDrive/TDA_PIPELINE/S_37/sobel_var-False_mode-none_pk-(128, 128)_st-32_vk-7/patch_images/S_37_patch_00.png', '/content/drive/MyDrive/TDA_PIPELINE/S_37/sobel_var-False_mode-none_pk-(128, 128)_st-32_vk-7/patch_images/S_37_patch_01.png', '/content/drive/MyDrive/TDA_PIPELINE/S_37/sobel_var-False_mode-none_pk-(128, 128)_st-32_vk-7/patch_images/S_37_patch_02.png', '/content/drive/MyDrive/TDA_PIPELINE/S_37/sobel_var-False_mode-none_pk-(128, 128)_st-32_vk-7/patch_images/S_37_patch_03.png']",1.0,0.5767060412770262,best_intermediate_k4
S_37_patch_00|S_37_patch_01|S_37_patch_02|S_37_patch_03|S_37_patch_04|S_37_patch_05|S_37_patch_06|S_37_patch_07,True,valid_pairwise_chain_window,,8,sobel,cfg_02112,"pre_tda_sobel_var-False_mode-none_pk-(128, 128)_st-32_vk-7",8,8,91266,0,0.0,74.00504944676915,538.9850702881591,91266,115.82910393793964,24.667834971894088,0.0,255.0,115.5,101.0,130.5,29.5,255.0,0,,,,,,,,,,115.21878051757812,12.637008288718649,97.56564331054688,134.583984375,37.018341064453125,22.03634480334557,2.6635689833105127,16.951745731718912,25.379922106372387,8.428176374653475,0.0,0.0,0.0,0.0,0.0,253.1875,4.42957037984498,241.5,255.0,13.5,115.125,13.223440361721302,97.0,135.0,38.0,105.6875,12.62917628944976,87.0,125.0,38.0,124.375,13.415825542992128,105.0,144.0,39.0,18.6875,2.9148059540902547,13.5,22.5,9.0,253.1875,4.42957037984498,241.5,255.0,13.5,1.0,0.0,1.0,1.0,0.0,16384.0,0.0,16384.0,16384.0,0.0,33.61254995695062,7.454628454289226,19.209372712298546,44.01136216933077,24.801989457032228,0.2226826980998471,0.0493868147361354,0.127261839695553,0.2915746912230171,0.1643128515274641,0.7473859353760111,0.604465646103266,520562.96875,504.7436828613281,4631852.25,1433.6114501953125,54976.837890625,20.9320068359375,79.3517165197618,81.7987340531529,9.542877197265623,20.744873046875,2.1971488165065804,4.441145199805071,0.0,0.0,3.857142857142857,13.5,10.0,22.0,9.928571428571429,21.5,10.142857142857142,22.0,2.5,6.0,3.857142857142857,13.5,0.0,0.0,0.0,0.0,7.485576788979203,13.851177797334536,0.0495918470433923,0.091763869379786,"['S_37_patch_00', 'S_37_patch_01', 'S_37_patch_02', 'S_37_patch_03', 'S_37_patch_04', 'S_37_patch_05', 'S_37_patch_06', 'S_37_patch_07']","['/content/drive/MyDrive/TDA_PIPELINE/S_37/sobel_var-False_mode-none_pk-(128, 128)_st-32_vk-7/patch_images/S_37_patch_00.png', '/content/drive/MyDrive/TDA_PIPELINE/S_37/sobel_var-False_mode-none_pk-(128, 128)_st-32_vk-7/patch_images/S_37_patch_01.png', '/content/drive/MyDrive/TDA_PIPELINE/S_37/sobel_var-False_mode-none_pk-(128, 128)_st-32_vk-7/patch_images/S_37_patch_02.png', '/content/drive/MyDrive/TDA_PIPELINE/S_37/sobel_var-False_mode-none_pk-(128, 128)_st-32_vk-7/patch_images/S_37_patch_03.png', '/content/drive/MyDrive/TDA_PIPELINE/S_37/sobel_var-False_mode-none_pk-(128, 128)_st-32_vk-7/patch_images/S_37_patch_04.png', '/content/drive/MyDrive/TDA_PIPELINE/S_37/sobel_var-False_mode-none_pk-(128, 128)_st-32_vk-7/patch_images/S_37_patch_05.png', '/content/drive/MyDrive/TDA_PIPELINE/S_37/sobel_var-False_mode-none_pk-(128, 128)_st-32_vk-7/patch_images/S_37_patch_06.png', '/content/drive/MyDrive/TDA_PIPELINE/S_37/sobel_var-False_mode-none_pk-(128, 128)_st-32_vk-7/patch_images/S_37_patch_07.png']","[0, 1, 2, 3, 4, 5, 6, 7]","/content/drive/MyDrive/TDA_PIPELINE/patches_processor_S_37/S_37/bands/pre_tda_sobel_var-False_mode-none_pk-(128, 128)_st-32_vk-7","/content/drive/MyDrive/TDA_PIPELINE/patches_processor_S_37/S_37/bands/pre_tda_sobel_var-False_mode-none_pk-(128, 128)_st-32_vk-7/S_37_sobel_var-False_mode-none_pk-(128, 128)_st-32_vk-7_windows_report.csv",S_37,10,10,"['S_37_patch_00', 'S_37_patch_01', 'S_37_patch_02', 'S_37_patch_03', 'S_37_patch_04', 'S_37_patch_05', 'S_37_patch_06', 'S_37_patch_07']","['/content/drive/MyDrive/TDA_PIPELINE/S_37/sobel_var-False_mode-none_pk-(128, 128)_st-32_vk-7/patch_images/S_37_patch_00.png', '/content/drive/MyDrive/TDA_PIPELINE/S_37/sobel_var-False_mode-none_pk-(128, 128)_st-32_vk-7/patch_images/S_37_patch_01.png', '/content/drive/MyDrive/TDA_PIPELINE/S_37/sobel_var-False_mode-none_pk-(128, 128)_st-32_vk-7/patch_images/S_37_patch_02.png', '/content/drive/MyDrive/TDA_PIPELINE/S_37/sobel_var-False_mode-none_pk-(128, 128)_st-32_vk-7/patch_images/S_37_patch_03.png', '/content/drive/MyDrive/TDA_PIPELINE/S_37/sobel_var-False_mode-none_pk-(128, 128)_st-32_vk-7/patch_images/S_37_patch_04.png', '/content/drive/MyDrive/TDA_PIPELINE/S_37/sobel_var-False_mode-none_pk-(128, 128)_st-32_vk-7/patch_images/S_37_patch_05.png', '/content/drive/MyDrive/TDA_PIPELINE/S_37/sobel_var-False_mode-none_pk-(128, 128)_st-32_vk-7/patch_images/S_37_patch_06.png', '/content/drive/MyDrive/TDA_PIPELINE/S_37/sobel_var-False_mode-none_pk-(128, 128)_st-32_vk-7/patch_images/S_37_patch_07.png']",1.0,0.5021704932217129,best_global_k8
S_37_patch_01|S_37_patch_02|S_37_patch_03|S_37_patch_04|S_37_patch_05|S_37_patch_06|S_37_patch_07|S_37_patch_08,True,valid_pairwise_chain_window,,8,sobel,cfg_02112,"pre_tda_sobel_var-False_mode-none_pk-(128, 128)_st-32_vk-7",8,8,91803,0,0.0,74.00504944676915,540.7800454162128,91803,115.12459287822838,23.84844764164027,0.0,255.0,115.0,101.0,129.0,28.0,255.0,0,,,,,,,,,,114.44902801513672,11.577080056524206,97.56564331054688,128.42596435546875,30.860321044921875,21.200188089718665,2.853971283351018,16.951745731718912,25.379922106372387,8.428176374653475,4.875,12.89803764143988,0.0,39.0,39.0,253.1875,4.42957037984498,241.5,255.0,13.5,114.375,12.20591557401574,97.0,129.0,32.0,105.0625,11.751163506223545,87.0,120.0,33.0,123.5625,12.357784742825066,105.0,137.5,32.5,18.5,2.9368350311176825,13.5,22.5,9.0,248.3125,12.973380197542967,216.0,255.0,39.0,1.0,0.0,1.0,1.0,0.0,16384.0,0.0,16384.0,16384.0,0.0,34.713586497111066,7.927289102056768,19.209372712298546,44.01136216933077,24.801989457032228,0.2299770505897196,0.0525181852648606,0.127261839695553,0.2915746912230171,0.1643128515274641,0.7473859353760111,0.604465646103266,520562.96875,504.7436828613281,4631852.25,1433.6114501953125,54976.837890625,20.9320068359375,79.76541477969606,81.7987340531529,8.265572684151786,20.744873046875,2.47951098332062,4.441145199805071,5.571428571428571,39.0,3.857142857142857,13.5,8.428571428571429,22.0,8.571428571428571,21.5,8.928571428571429,22.0,2.357142857142857,6.0,9.428571428571429,39.0,0.0,0.0,0.0,0.0,7.164458665084774,12.194156398501274,0.0474644437273941,0.0807861245679834,"['S_37_patch_01', 'S_37_patch_02', 'S_37_patch_03', 'S_37_patch_04', 'S_37_patch_05', 'S_37_patch_06', 'S_37_patch_07', 'S_37_patch_08']","['/content/drive/MyDrive/TDA_PIPELINE/S_37/sobel_var-False_mode-none_pk-(128, 128)_st-32_vk-7/patch_images/S_37_patch_01.png', '/content/drive/MyDrive/TDA_PIPELINE/S_37/sobel_var-False_mode-none_pk-(128, 128)_st-32_vk-7/patch_images/S_37_patch_02.png', '/content/drive/MyDrive/TDA_PIPELINE/S_37/sobel_var-False_mode-none_pk-(128, 128)_st-32_vk-7/patch_images/S_37_patch_03.png', '/content/drive/MyDrive/TDA_PIPELINE/S_37/sobel_var-False_mode-none_pk-(128, 128)_st-32_vk-7/patch_images/S_37_patch_04.png', '/content/drive/MyDrive/TDA_PIPELINE/S_37/sobel_var-False_mode-none_pk-(128, 128)_st-32_vk-7/patch_images/S_37_patch_05.png', '/content/drive/MyDrive/TDA_PIPELINE/S_37/sobel_var-False_mode-none_pk-(128, 128)_st-32_vk-7/patch_images/S_37_patch_06.png', '/content/drive/MyDrive/TDA_PIPELINE/S_37/sobel_var-False_mode-none_pk-(128, 128)_st-32_vk-7/patch_images/S_37_patch_07.png', '/content/drive/MyDrive/TDA_PIPELINE/S_37/sobel_var-False_mode-none_pk-(128, 128)_st-32_vk-7/patch_images/S_37_patch_08.png']","[1, 2, 3, 4, 5, 6, 7, 8]","/content/drive/MyDrive/TDA_PIPELINE/patches_processor_S_37/S_37/bands/pre_tda_sobel_var-False_mode-none_pk-(128, 128)_st-32_vk-7","/content/drive/MyDrive/TDA_PIPELINE/patches_processor_S_37/S_37/bands/pre_tda_sobel_var-False_mode-none_pk-(128, 128)_st-32_vk-7/S_37_sobel_var-False_mode-none_pk-(128, 128)_st-32_vk-7_windows_report.csv",S_37,10,10,"['S_37_patch_01', 'S_37_patch_02', 'S_37_patch_03', 'S_37_patch_04', 'S_37_patch_05', 'S_37_patch_06', 'S_37_patch_07', 'S_37_patch_08']","['/content/drive/MyDrive/TDA_PIPELINE/S_37/sobel_var-False_mode-none_pk-(128, 128)_st-32_vk-7/patch_images/S_37_patch_01.png', '/content/drive/MyDrive/TDA_PIPELINE/S_37/sobel_var-False_mode-none_pk-(128, 128)_st-32_vk-7/patch_images/S_37_patch_02.png', '/content/drive/MyDrive/TDA_PIPELINE/S_37/sobel_var-False_mode-none_pk-(128, 128)_st-32_vk-7/patch_images/S_37_patch_03.png', '/content/drive/MyDrive/TDA_PIPELINE/S_37/sobel_var-False_mode-none_pk-(128, 128)_st-32_vk-7/patch_images/S_37_patch_04.png', '/content/drive/MyDrive/TDA_PIPELINE/S_37/sobel_var-False_mode-none_pk-(128, 128)_st-32_vk-7/patch_images/S_37_patch_05.png', '/content/drive/MyDrive/TDA_PIPELINE/S_37/sobel_var-False_mode-none_pk-(128, 128)_st-32_vk-7/patch_images/S_37_patch_06.png', '/content/drive/MyDrive/TDA_PIPELINE/S_37/sobel_var-False_mode-none_pk-(128, 128)_st-32_vk-7/patch_images/S_37_patch_07.png', '/content/drive/MyDrive/TDA_PIPELINE/S_37/sobel_var-False_mode-none_pk-(128, 128)_st-32_vk-7/patch_images/S_37_patch_08.png']",1.0,0.4837435745559161,worst_global_k8
