sample_id,color_exists,gray_exists,id_exists,color_shape,color_unique_quantized,color_components,color_small_components,color_holes,gray_shape,gray_unique,gray_components,gray_small_components,gray_holes,id_shape,id_num_classes,id_classes_preview,id_components_global,id_small_components_global,id_holes_global,color_id_presence_mismatch_ratio,status,reasons
LabelMulti_N_1,True,True,True,"(971, 259)",123,12,0,3,"(971, 259)",165,193,191,48,"(971, 259)",0,[],0,0,0,0.19952761353379272,repair,"['too_many_quantized_colors', 'gray_noise', 'id_empty', 'color_id_mismatch']"
LabelMulti_N_10,True,True,True,"(778, 311)",113,4,0,1,"(778, 311)",152,101,98,22,"(778, 311)",0,[],0,0,0,0.13301068780532158,repair,"['too_many_quantized_colors', 'gray_noise', 'id_empty', 'color_id_mismatch']"
LabelMulti_N_11,True,True,True,"(727, 181)",111,5,0,3,"(727, 181)",156,110,106,28,"(727, 181)",0,[],0,0,0,0.17196227590871438,repair,"['too_many_quantized_colors', 'gray_noise', 'id_empty', 'color_id_mismatch']"
LabelMulti_N_12,True,True,True,"(986, 164)",112,6,0,5,"(986, 164)",150,146,144,28,"(986, 164)",0,[],0,0,0,0.24105773512096176,repair,"['too_many_quantized_colors', 'gray_noise', 'id_empty', 'color_id_mismatch']"
LabelMulti_N_13,True,True,True,"(736, 149)",104,8,0,3,"(736, 149)",149,111,110,34,"(736, 149)",0,[],0,0,0,0.22846148234607527,repair,"['too_many_quantized_colors', 'gray_noise', 'id_empty', 'color_id_mismatch']"
LabelMulti_N_14,True,True,True,"(734, 169)",113,3,0,3,"(734, 169)",151,104,102,23,"(734, 169)",0,[],0,0,0,0.19157409348145044,repair,"['too_many_quantized_colors', 'gray_noise', 'id_empty', 'color_id_mismatch']"
LabelMulti_N_15,True,True,True,"(692, 177)",109,6,0,1,"(692, 177)",148,117,115,33,"(692, 177)",0,[],0,0,0,0.24303582508735835,repair,"['too_many_quantized_colors', 'gray_noise', 'id_empty', 'color_id_mismatch']"
LabelMulti_N_16,True,True,True,"(878, 310)",109,8,0,0,"(878, 310)",149,144,140,23,"(878, 310)",0,[],0,0,0,0.11432875303108238,repair,"['too_many_quantized_colors', 'gray_noise', 'id_empty', 'color_id_mismatch']"
LabelMulti_N_17,True,True,True,"(918, 211)",114,4,0,4,"(918, 211)",155,132,129,27,"(918, 211)",0,[],0,0,0,0.1991657115716218,repair,"['too_many_quantized_colors', 'gray_noise', 'id_empty', 'color_id_mismatch']"
LabelMulti_N_18,True,True,True,"(782, 164)",103,6,0,5,"(782, 164)",141,127,125,34,"(782, 164)",0,[],0,0,0,0.25189476639011915,repair,"['too_many_quantized_colors', 'gray_noise', 'id_empty', 'color_id_mismatch']"
LabelMulti_N_19,True,True,True,"(852, 232)",118,13,0,0,"(852, 232)",165,168,167,48,"(852, 232)",0,[],0,0,0,0.1742907155577141,repair,"['too_many_quantized_colors', 'gray_noise', 'id_empty', 'color_id_mismatch']"
LabelMulti_N_2,True,True,True,"(828, 218)",115,5,0,5,"(828, 218)",158,137,136,47,"(828, 218)",0,[],0,0,0,0.18939746487612463,repair,"['too_many_quantized_colors', 'gray_noise', 'id_empty', 'color_id_mismatch']"
LabelMulti_N_20,True,True,True,"(960, 212)",115,8,0,2,"(960, 212)",156,135,131,24,"(960, 212)",0,[],0,0,0,0.18383942610062892,repair,"['too_many_quantized_colors', 'gray_noise', 'id_empty', 'color_id_mismatch']"
LabelMulti_N_21,True,True,True,"(719, 182)",113,2,0,1,"(719, 182)",158,92,91,12,"(719, 182)",0,[],0,0,0,0.15457977349493343,repair,"['too_many_quantized_colors', 'gray_noise', 'id_empty', 'color_id_mismatch']"
LabelMulti_N_22,True,True,True,"(929, 205)",114,9,0,7,"(929, 205)",151,175,174,50,"(929, 205)",0,[],0,0,0,0.22608102076715061,repair,"['too_many_quantized_colors', 'gray_noise', 'id_empty', 'color_id_mismatch']"
LabelMulti_N_23,True,True,True,"(878, 241)",116,3,0,3,"(878, 241)",157,128,127,26,"(878, 241)",0,[],0,0,0,0.1529315021881114,repair,"['too_many_quantized_colors', 'gray_noise', 'id_empty', 'color_id_mismatch']"
LabelMulti_N_24,True,True,True,"(606, 164)",109,4,0,1,"(606, 164)",149,94,93,26,"(606, 164)",0,[],0,0,0,0.24182967077195525,repair,"['too_many_quantized_colors', 'gray_noise', 'id_empty', 'color_id_mismatch']"
LabelMulti_N_25,True,True,True,"(817, 155)",99,11,0,6,"(817, 155)",134,144,142,55,"(817, 155)",0,[],0,0,0,0.24454534686303156,repair,"['too_many_quantized_colors', 'gray_noise', 'id_empty', 'color_id_mismatch']"
LabelMulti_N_26,True,True,True,"(679, 157)",108,11,0,3,"(679, 157)",143,163,161,39,"(679, 157)",0,[],0,0,0,0.21414031500051595,repair,"['too_many_quantized_colors', 'gray_noise', 'id_empty', 'color_id_mismatch']"
LabelMulti_N_27,True,True,True,"(672, 187)",85,11,0,4,"(672, 187)",119,119,117,31,"(672, 187)",0,[],0,0,0,0.16874363381716323,repair,"['too_many_quantized_colors', 'gray_noise', 'id_empty', 'color_id_mismatch']"
LabelMulti_N_28,True,True,True,"(780, 165)",98,10,0,2,"(780, 165)",135,142,138,37,"(780, 165)",0,[],0,0,0,0.2017171717171717,repair,"['too_many_quantized_colors', 'gray_noise', 'id_empty', 'color_id_mismatch']"
LabelMulti_N_29,True,True,True,"(844, 155)",123,18,0,0,"(844, 155)",163,172,170,34,"(844, 155)",0,[],0,0,0,0.22483565204097233,repair,"['too_many_quantized_colors', 'gray_noise', 'id_empty', 'color_id_mismatch']"
LabelMulti_N_3,True,True,True,"(939, 206)",117,8,0,1,"(939, 206)",157,145,144,49,"(939, 206)",0,[],0,0,0,0.2578450530930447,repair,"['too_many_quantized_colors', 'gray_noise', 'id_empty', 'color_id_mismatch']"
LabelMulti_N_30,True,True,True,"(846, 201)",95,14,0,3,"(846, 201)",135,145,141,36,"(846, 201)",0,[],0,0,0,0.15120614421979936,repair,"['too_many_quantized_colors', 'gray_noise', 'id_empty', 'color_id_mismatch']"
LabelMulti_N_31,True,True,True,"(722, 238)",81,6,0,2,"(722, 238)",114,135,134,39,"(722, 238)",0,[],0,0,0,0.1383586675667497,repair,"['too_many_quantized_colors', 'gray_noise', 'id_empty', 'color_id_mismatch']"
LabelMulti_N_32,True,True,True,"(855, 222)",121,14,0,1,"(855, 222)",166,152,151,45,"(855, 222)",0,[],0,0,0,0.14895421737527,repair,"['too_many_quantized_colors', 'gray_noise', 'id_empty', 'color_id_mismatch']"
LabelMulti_N_33,True,True,True,"(788, 201)",121,11,0,2,"(788, 201)",157,150,149,50,"(788, 201)",0,[],0,0,0,0.14946208046064097,repair,"['too_many_quantized_colors', 'gray_noise', 'id_empty', 'color_id_mismatch']"
LabelMulti_N_34,True,True,True,"(927, 202)",94,17,0,0,"(927, 202)",136,237,231,39,"(927, 202)",0,[],0,0,0,0.2877748939942538,repair,"['too_many_quantized_colors', 'gray_noise', 'id_empty', 'color_id_mismatch']"
LabelMulti_N_35,True,True,True,"(712, 230)",112,12,0,4,"(712, 230)",148,101,97,38,"(712, 230)",0,[],0,0,0,0.15362115290669273,repair,"['too_many_quantized_colors', 'gray_noise', 'id_empty', 'color_id_mismatch']"
LabelMulti_N_36,True,True,True,"(608, 168)",91,13,0,0,"(608, 168)",123,113,110,30,"(608, 168)",0,[],0,0,0,0.1689967105263158,repair,"['too_many_quantized_colors', 'gray_noise', 'id_empty', 'color_id_mismatch']"
LabelMulti_N_37,True,True,True,"(851, 234)",118,14,0,1,"(851, 234)",157,164,161,41,"(851, 234)",0,[],0,0,0,0.14306446915142568,repair,"['too_many_quantized_colors', 'gray_noise', 'id_empty', 'color_id_mismatch']"
LabelMulti_N_38,True,True,True,"(874, 185)",118,18,0,0,"(874, 185)",159,199,197,54,"(874, 185)",0,[],0,0,0,0.22961840559094562,repair,"['too_many_quantized_colors', 'gray_noise', 'id_empty', 'color_id_mismatch']"
LabelMulti_N_39,True,True,True,"(889, 222)",80,15,0,0,"(889, 222)",129,211,203,36,"(889, 222)",0,[],0,0,0,0.20378702662167228,repair,"['gray_noise', 'id_empty', 'color_id_mismatch']"
LabelMulti_N_4,True,True,True,"(878, 204)",111,8,0,1,"(878, 204)",148,122,120,31,"(878, 204)",0,[],0,0,0,0.16856492027334852,repair,"['too_many_quantized_colors', 'gray_noise', 'id_empty', 'color_id_mismatch']"
LabelMulti_N_40,True,True,True,"(754, 266)",122,10,0,2,"(754, 266)",157,182,177,38,"(754, 266)",0,[],0,0,0,0.14878542510121456,repair,"['too_many_quantized_colors', 'gray_noise', 'id_empty', 'color_id_mismatch']"
LabelMulti_N_41,True,True,True,"(943, 153)",135,10,0,5,"(943, 153)",170,134,132,46,"(943, 153)",0,[],0,0,0,0.22674124439454113,repair,"['too_many_quantized_colors', 'gray_noise', 'id_empty', 'color_id_mismatch']"
LabelMulti_N_42,True,True,True,"(769, 142)",125,8,0,4,"(769, 142)",164,144,142,41,"(769, 142)",0,[],0,0,0,0.2110661367424312,repair,"['too_many_quantized_colors', 'gray_noise', 'id_empty', 'color_id_mismatch']"
LabelMulti_N_43,True,True,True,"(703, 168)",127,15,0,2,"(703, 168)",154,122,120,28,"(703, 168)",0,[],0,0,0,0.1629834721939985,repair,"['too_many_quantized_colors', 'gray_noise', 'id_empty', 'color_id_mismatch']"
LabelMulti_N_44,True,True,True,"(743, 217)",123,11,0,0,"(743, 217)",165,147,146,34,"(743, 217)",0,[],0,0,0,0.16004366405964113,repair,"['too_many_quantized_colors', 'gray_noise', 'id_empty', 'color_id_mismatch']"
LabelMulti_N_45,True,True,True,"(882, 231)",107,16,0,0,"(882, 231)",141,181,173,38,"(882, 231)",0,[],0,0,0,0.16565558402293096,repair,"['too_many_quantized_colors', 'gray_noise', 'id_empty', 'color_id_mismatch']"
LabelMulti_N_46,True,True,True,"(719, 253)",112,12,0,1,"(719, 253)",150,131,129,32,"(719, 253)",0,[],0,0,0,0.1288350640712012,repair,"['too_many_quantized_colors', 'gray_noise', 'id_empty', 'color_id_mismatch']"
LabelMulti_N_47,True,True,True,"(712, 174)",121,10,0,1,"(712, 174)",156,100,99,34,"(712, 174)",0,[],0,0,0,0.16068545783288132,repair,"['too_many_quantized_colors', 'gray_noise', 'id_empty', 'color_id_mismatch']"
LabelMulti_N_48,True,True,True,"(666, 178)",116,9,0,1,"(666, 178)",162,102,101,31,"(666, 178)",0,[],0,0,0,0.16816816816816818,repair,"['too_many_quantized_colors', 'gray_noise', 'id_empty', 'color_id_mismatch']"
LabelMulti_N_49,True,True,True,"(753, 123)",114,14,0,1,"(753, 123)",147,136,134,43,"(753, 123)",0,[],0,0,0,0.27656312419697904,repair,"['too_many_quantized_colors', 'gray_noise', 'id_empty', 'color_id_mismatch']"
LabelMulti_N_5,True,True,True,"(666, 172)",104,3,0,0,"(666, 172)",138,108,107,14,"(666, 172)",0,[],0,0,0,0.15032474334799917,repair,"['too_many_quantized_colors', 'gray_noise', 'id_empty', 'color_id_mismatch']"
LabelMulti_N_50,True,True,True,"(646, 147)",108,11,0,0,"(646, 147)",149,119,116,29,"(646, 147)",0,[],0,0,0,0.22789115646258504,repair,"['too_many_quantized_colors', 'gray_noise', 'id_empty', 'color_id_mismatch']"
LabelMulti_N_51,True,True,True,"(789, 154)",116,11,0,0,"(789, 154)",156,148,147,37,"(789, 154)",0,[],0,0,0,0.23742860434875643,repair,"['too_many_quantized_colors', 'gray_noise', 'id_empty', 'color_id_mismatch']"
LabelMulti_N_52,True,True,True,"(714, 202)",128,12,0,3,"(714, 202)",165,118,116,43,"(714, 202)",0,[],0,0,0,0.17463321962448344,repair,"['too_many_quantized_colors', 'gray_noise', 'id_empty', 'color_id_mismatch']"
LabelMulti_N_53,True,True,True,"(673, 190)",111,13,0,0,"(673, 190)",147,96,95,41,"(673, 190)",0,[],0,0,0,0.14369281301321654,repair,"['too_many_quantized_colors', 'gray_noise', 'id_empty', 'color_id_mismatch']"
LabelMulti_N_54,True,True,True,"(718, 181)",121,10,0,2,"(718, 181)",170,116,112,35,"(718, 181)",0,[],0,0,0,0.1829052463103464,repair,"['too_many_quantized_colors', 'gray_noise', 'id_empty', 'color_id_mismatch']"
LabelMulti_N_55,True,True,True,"(713, 180)",110,12,0,1,"(713, 180)",148,123,120,43,"(713, 180)",0,[],0,0,0,0.18006856786660433,repair,"['too_many_quantized_colors', 'gray_noise', 'id_empty', 'color_id_mismatch']"
LabelMulti_N_56,True,True,True,"(715, 168)",111,14,0,5,"(715, 168)",152,120,117,45,"(715, 168)",0,[],0,0,0,0.19764402264402264,repair,"['too_many_quantized_colors', 'gray_noise', 'id_empty', 'color_id_mismatch']"
LabelMulti_N_57,True,True,True,"(656, 205)",123,15,0,1,"(656, 205)",163,109,107,31,"(656, 205)",0,[],0,0,0,0.1481186793575253,repair,"['too_many_quantized_colors', 'gray_noise', 'id_empty', 'color_id_mismatch']"
LabelMulti_N_58,True,True,True,"(794, 159)",117,15,0,1,"(794, 159)",157,195,194,33,"(794, 159)",0,[],0,0,0,0.2250843591084074,repair,"['too_many_quantized_colors', 'gray_noise', 'id_empty', 'color_id_mismatch']"
LabelMulti_N_59,True,True,True,"(827, 167)",108,16,0,2,"(827, 167)",152,176,172,35,"(827, 167)",0,[],0,0,0,0.2295433317162531,repair,"['too_many_quantized_colors', 'gray_noise', 'id_empty', 'color_id_mismatch']"
LabelMulti_N_6,True,True,True,"(920, 186)",101,12,0,1,"(920, 186)",142,141,139,53,"(920, 186)",0,[],0,0,0,0.1943431510051426,repair,"['too_many_quantized_colors', 'gray_noise', 'id_empty', 'color_id_mismatch']"
LabelMulti_N_60,True,True,True,"(706, 161)",113,16,0,0,"(706, 161)",152,129,126,35,"(706, 161)",0,[],0,0,0,0.19384864427357346,repair,"['too_many_quantized_colors', 'gray_noise', 'id_empty', 'color_id_mismatch']"
LabelMulti_N_61,True,True,True,"(717, 291)",125,11,0,2,"(717, 291)",169,177,175,47,"(717, 291)",0,[],0,0,0,0.12069667907997719,repair,"['too_many_quantized_colors', 'gray_noise', 'id_empty', 'color_id_mismatch']"
LabelMulti_N_62,True,True,True,"(656, 191)",107,13,0,0,"(656, 191)",150,124,123,40,"(656, 191)",0,[],0,0,0,0.1936614097816371,repair,"['too_many_quantized_colors', 'gray_noise', 'id_empty', 'color_id_mismatch']"
LabelMulti_N_63,True,True,True,"(814, 167)",104,17,0,1,"(814, 167)",140,211,208,31,"(814, 167)",0,[],0,0,0,0.2522767732348571,repair,"['too_many_quantized_colors', 'gray_noise', 'id_empty', 'color_id_mismatch']"
LabelMulti_N_64,True,True,True,"(919, 210)",123,17,0,0,"(919, 210)",159,194,191,57,"(919, 210)",0,[],0,0,0,0.2230115550028499,repair,"['too_many_quantized_colors', 'gray_noise', 'id_empty', 'color_id_mismatch']"
LabelMulti_N_65,True,True,True,"(816, 210)",118,14,0,2,"(816, 210)",156,174,169,40,"(816, 210)",0,[],0,0,0,0.1764355742296919,repair,"['too_many_quantized_colors', 'gray_noise', 'id_empty', 'color_id_mismatch']"
LabelMulti_N_66,True,True,True,"(661, 180)",127,12,0,1,"(661, 180)",166,122,119,42,"(661, 180)",0,[],0,0,0,0.1681206925533703,repair,"['too_many_quantized_colors', 'gray_noise', 'id_empty', 'color_id_mismatch']"
LabelMulti_N_67,True,True,True,"(759, 213)",117,17,0,1,"(759, 213)",158,188,183,37,"(759, 213)",0,[],0,0,0,0.20057896787841675,repair,"['too_many_quantized_colors', 'gray_noise', 'id_empty', 'color_id_mismatch']"
LabelMulti_N_68,True,True,True,"(663, 139)",112,15,0,2,"(663, 139)",159,145,143,33,"(663, 139)",0,[],0,0,0,0.2473170784639257,repair,"['too_many_quantized_colors', 'gray_noise', 'id_empty', 'color_id_mismatch']"
LabelMulti_N_69,True,True,True,"(905, 179)",99,16,0,1,"(905, 179)",138,189,188,53,"(905, 179)",0,[],0,0,0,0.3041513626963795,repair,"['too_many_quantized_colors', 'gray_noise', 'id_empty', 'color_id_mismatch']"
LabelMulti_N_7,True,True,True,"(937, 220)",119,7,0,3,"(937, 220)",156,179,177,48,"(937, 220)",0,[],0,0,0,0.24431454351411663,repair,"['too_many_quantized_colors', 'gray_noise', 'id_empty', 'color_id_mismatch']"
LabelMulti_N_70,True,True,True,"(855, 260)",94,13,0,0,"(855, 260)",137,147,144,45,"(855, 260)",0,[],0,0,0,0.18788573999100314,repair,"['too_many_quantized_colors', 'gray_noise', 'id_empty', 'color_id_mismatch']"
LabelMulti_N_71,True,True,True,"(595, 150)",109,12,0,0,"(595, 150)",153,96,94,29,"(595, 150)",0,[],0,0,0,0.18408963585434174,repair,"['too_many_quantized_colors', 'gray_noise', 'id_empty', 'color_id_mismatch']"
LabelMulti_N_8,True,True,True,"(858, 229)",117,7,0,1,"(858, 229)",158,96,95,29,"(858, 229)",0,[],0,0,0,0.11763927484451502,repair,"['too_many_quantized_colors', 'gray_noise', 'id_empty', 'color_id_mismatch']"
LabelMulti_N_9,True,True,True,"(633, 157)",101,5,0,1,"(633, 157)",147,87,86,21,"(633, 157)",0,[],0,0,0,0.1681206669282861,repair,"['too_many_quantized_colors', 'gray_noise', 'id_empty', 'color_id_mismatch']"
LabelMulti_S_100,True,True,True,"(970, 594)",86,12,0,0,"(970, 594)",125,246,245,93,"(970, 594)",0,[],0,0,0,0.12479433510361346,repair,"['too_many_quantized_colors', 'gray_noise', 'id_empty', 'color_id_mismatch']"
LabelMulti_S_101,True,True,True,"(2589, 983)",112,18,0,0,"(2589, 983)",142,682,673,181,"(2589, 983)",0,[],0,0,0,0.15041569956938877,repair,"['too_many_quantized_colors', 'gray_noise', 'id_empty', 'color_id_mismatch']"
LabelMulti_S_102,True,True,True,"(3125, 975)",109,17,0,1,"(3125, 975)",136,906,894,175,"(3125, 975)",0,[],0,0,0,0.14343483076923078,repair,"['too_many_quantized_colors', 'gray_noise', 'id_empty', 'color_id_mismatch']"
LabelMulti_S_103,True,True,True,"(2475, 822)",126,19,0,0,"(2475, 822)",160,780,773,129,"(2475, 822)",0,[],0,0,0,0.1228007569613409,repair,"['too_many_quantized_colors', 'gray_noise', 'id_empty', 'color_id_mismatch']"
LabelMulti_S_104,True,True,True,"(2593, 1040)",88,11,0,5,"(2593, 1040)",127,568,564,126,"(2593, 1040)",0,[],0,0,0,0.11666172238867958,repair,"['too_many_quantized_colors', 'gray_noise', 'id_empty', 'color_id_mismatch']"
LabelMulti_S_105,True,True,True,"(2938, 1165)",111,18,0,0,"(2938, 1165)",146,865,856,137,"(2938, 1165)",0,[],0,0,0,0.0986586887228765,repair,"['too_many_quantized_colors', 'gray_noise', 'id_empty', 'color_id_mismatch']"
LabelMulti_S_106,True,True,True,"(2920, 1014)",130,21,0,0,"(2920, 1014)",166,754,746,85,"(2920, 1014)",0,[],0,0,0,0.07995393261462809,repair,"['too_many_quantized_colors', 'gray_noise', 'id_empty', 'color_id_mismatch']"
LabelMulti_S_107,True,True,True,"(2973, 1954)",0,0,0,0,"(2973, 1954)",1,0,0,0,"(2973, 1954)",0,[],0,0,0,0.0,discard,['id_empty']
LabelMulti_S_108,True,True,True,"(1831, 727)",102,17,0,0,"(1831, 727)",135,421,418,109,"(1831, 727)",0,[],0,0,0,0.10300893146235136,repair,"['too_many_quantized_colors', 'gray_noise', 'id_empty', 'color_id_mismatch']"
LabelMulti_S_109,True,True,True,"(1857, 698)",116,19,0,0,"(1857, 698)",149,520,512,79,"(1857, 698)",0,[],0,0,0,0.10620929403650402,repair,"['too_many_quantized_colors', 'gray_noise', 'id_empty', 'color_id_mismatch']"
LabelMulti_S_110,True,True,True,"(1866, 1273)",93,16,0,0,"(1866, 1273)",133,753,744,85,"(1866, 1273)",0,[],0,0,0,0.11336657379880088,repair,"['too_many_quantized_colors', 'gray_noise', 'id_empty', 'color_id_mismatch']"
LabelMulti_S_111,True,True,True,"(2074, 726)",116,17,0,1,"(2074, 726)",151,415,408,94,"(2074, 726)",0,[],0,0,0,0.07111329832027649,repair,"['too_many_quantized_colors', 'gray_noise', 'id_empty', 'color_id_mismatch']"
LabelMulti_S_113,True,True,True,"(2718, 1055)",97,16,0,0,"(2718, 1055)",125,876,866,70,"(2718, 1055)",0,[],0,0,0,0.1302086493762838,repair,"['too_many_quantized_colors', 'gray_noise', 'id_empty', 'color_id_mismatch']"
LabelMulti_S_114,True,True,True,"(2779, 1160)",108,17,0,0,"(2779, 1160)",133,947,936,97,"(2779, 1160)",0,[],0,0,0,0.11126800759390007,repair,"['too_many_quantized_colors', 'gray_noise', 'id_empty', 'color_id_mismatch']"
LabelMulti_S_115,True,True,True,"(3084, 1083)",131,20,0,0,"(3084, 1083)",160,802,794,125,"(3084, 1083)",0,[],0,0,0,0.07763747720040767,repair,"['too_many_quantized_colors', 'gray_noise', 'id_empty', 'color_id_mismatch']"
LabelMulti_S_118,True,True,True,"(2359, 865)",108,14,0,1,"(2359, 865)",137,799,788,101,"(2359, 865)",0,[],0,0,0,0.11364029531470914,repair,"['too_many_quantized_colors', 'gray_noise', 'id_empty', 'color_id_mismatch']"
LabelMulti_S_119,True,True,True,"(1884, 705)",118,19,0,0,"(1884, 705)",152,509,502,78,"(1884, 705)",0,[],0,0,0,0.10639653069521615,repair,"['too_many_quantized_colors', 'gray_noise', 'id_empty', 'color_id_mismatch']"
LabelMulti_S_120,True,True,True,"(1799, 696)",106,15,0,0,"(1799, 696)",142,554,547,93,"(1799, 696)",0,[],0,0,0,0.1068058244363088,repair,"['too_many_quantized_colors', 'gray_noise', 'id_empty', 'color_id_mismatch']"
LabelMulti_S_121,True,True,True,"(2035, 723)",107,14,0,0,"(2035, 723)",137,507,500,115,"(2035, 723)",0,[],0,0,0,0.10374463486496681,repair,"['too_many_quantized_colors', 'gray_noise', 'id_empty', 'color_id_mismatch']"
LabelMulti_S_122,True,True,True,"(2252, 1203)",106,16,0,0,"(2252, 1203)",133,612,607,120,"(2252, 1203)",0,[],0,0,0,0.0847381989077041,repair,"['too_many_quantized_colors', 'gray_noise', 'id_empty', 'color_id_mismatch']"
LabelMulti_S_123,True,True,True,"(2351, 1065)",110,17,0,0,"(2351, 1065)",142,456,449,100,"(2351, 1065)",0,[],0,0,0,0.06455588771534639,repair,"['too_many_quantized_colors', 'gray_noise', 'id_empty', 'color_id_mismatch']"
LabelMulti_S_124,True,True,True,"(3009, 1081)",115,18,0,0,"(3009, 1081)",145,932,922,78,"(3009, 1081)",0,[],0,0,0,0.10006366961403794,repair,"['too_many_quantized_colors', 'gray_noise', 'id_empty', 'color_id_mismatch']"
LabelMulti_S_125,True,True,True,"(3068, 1159)",134,21,0,0,"(3068, 1159)",161,820,811,99,"(3068, 1159)",0,[],0,0,0,0.06945586549570112,repair,"['too_many_quantized_colors', 'gray_noise', 'id_empty', 'color_id_mismatch']"
LabelMulti_S_126,True,True,True,"(3182, 1955)",95,15,0,0,"(3182, 1955)",125,928,913,61,"(3182, 1955)",0,[],0,0,0,0.08567373059135386,repair,"['too_many_quantized_colors', 'gray_noise', 'id_empty', 'color_id_mismatch']"
LabelMulti_S_127,True,True,True,"(2920, 1336)",101,16,0,0,"(2920, 1336)",127,1203,1187,75,"(2920, 1336)",0,[],0,0,0,0.1512937310310885,repair,"['too_many_quantized_colors', 'gray_noise', 'id_empty', 'color_id_mismatch']"
LabelMulti_S_128,True,True,True,"(2797, 1574)",97,16,0,0,"(2797, 1574)",133,767,757,78,"(2797, 1574)",0,[],0,0,0,0.08502802285440154,repair,"['too_many_quantized_colors', 'gray_noise', 'id_empty', 'color_id_mismatch']"
LabelMulti_S_129,True,True,True,"(2913, 1714)",106,17,0,1,"(2913, 1714)",138,910,899,131,"(2913, 1714)",0,[],0,0,0,0.07012222600093493,repair,"['too_many_quantized_colors', 'gray_noise', 'id_empty', 'color_id_mismatch']"
LabelMulti_S_130,True,True,True,"(2353, 1074)",106,15,0,0,"(2353, 1074)",133,680,668,80,"(2353, 1074)",0,[],0,0,0,0.09149855052506368,repair,"['too_many_quantized_colors', 'gray_noise', 'id_empty', 'color_id_mismatch']"
LabelMulti_S_131,True,True,True,"(1932, 968)",104,17,0,1,"(1932, 968)",136,565,560,98,"(1932, 968)",0,[],0,0,0,0.07446144106223157,repair,"['too_many_quantized_colors', 'gray_noise', 'id_empty', 'color_id_mismatch']"
LabelMulti_S_132,True,True,True,"(2491, 736)",121,16,0,1,"(2491, 736)",153,697,692,107,"(2491, 736)",0,[],0,0,0,0.12014720384689229,repair,"['too_many_quantized_colors', 'gray_noise', 'id_empty', 'color_id_mismatch']"
LabelMulti_S_133,True,True,True,"(3002, 1039)",117,18,0,0,"(3002, 1039)",153,799,789,86,"(3002, 1039)",0,[],0,0,0,0.08353686570197988,repair,"['too_many_quantized_colors', 'gray_noise', 'id_empty', 'color_id_mismatch']"
LabelMulti_S_134,True,True,True,"(3080, 1164)",86,14,0,0,"(3080, 1164)",119,851,839,87,"(3080, 1164)",0,[],0,0,0,0.11820747980541794,repair,"['too_many_quantized_colors', 'gray_noise', 'id_empty', 'color_id_mismatch']"
LabelMulti_S_135,True,True,True,"(3799, 1379)",103,17,0,0,"(3799, 1379)",134,951,943,93,"(3799, 1379)",0,[],0,0,0,0.07018659351025737,repair,"['too_many_quantized_colors', 'gray_noise', 'id_empty', 'color_id_mismatch']"
LabelMulti_S_136,True,True,True,"(4286, 1973)",97,16,0,0,"(4286, 1973)",133,988,976,88,"(4286, 1973)",0,[],0,0,0,0.0669227052374579,repair,"['too_many_quantized_colors', 'gray_noise', 'id_empty', 'color_id_mismatch']"
LabelMulti_S_137,True,True,True,"(3213, 1289)",83,14,0,0,"(3213, 1289)",112,999,984,96,"(3213, 1289)",0,[],0,0,0,0.17445323099500984,repair,"['too_many_quantized_colors', 'gray_noise', 'id_empty', 'color_id_mismatch']"
LabelMulti_S_138,True,True,True,"(3245, 1486)",132,21,0,0,"(3245, 1486)",165,1068,1047,80,"(3245, 1486)",0,[],0,0,0,0.08387684127356095,repair,"['too_many_quantized_colors', 'gray_noise', 'id_empty', 'color_id_mismatch']"
LabelMulti_S_139,True,True,True,"(2485, 1373)",91,15,0,0,"(2485, 1373)",135,713,707,111,"(2485, 1373)",0,[],0,0,0,0.06816954164902012,repair,"['too_many_quantized_colors', 'gray_noise', 'id_empty', 'color_id_mismatch']"
LabelMulti_S_140,True,True,True,"(3138, 1417)",95,15,0,0,"(3138, 1417)",133,788,778,118,"(3138, 1417)",0,[],0,0,0,0.090872331018278,repair,"['too_many_quantized_colors', 'gray_noise', 'id_empty', 'color_id_mismatch']"
LabelMulti_S_141,True,True,True,"(2877, 1107)",87,13,0,2,"(2877, 1107)",114,805,796,100,"(2877, 1107)",0,[],0,0,0,0.08947171269882088,repair,"['too_many_quantized_colors', 'gray_noise', 'id_empty', 'color_id_mismatch']"
LabelMulti_S_142,True,True,True,"(2962, 1212)",106,17,0,0,"(2962, 1212)",140,1253,1233,82,"(2962, 1212)",0,[],0,0,0,0.19994490164749087,repair,"['too_many_quantized_colors', 'gray_noise', 'id_empty', 'color_id_mismatch']"
LabelMulti_S_143,True,True,True,"(992, 470)",78,3,0,2,"(992, 470)",118,128,127,29,"(992, 470)",0,[],0,0,0,0.0783437714481812,repair,"['gray_noise', 'id_empty', 'color_id_mismatch']"
LabelMulti_S_144,True,True,True,"(3878, 2563)",98,16,0,0,"(3878, 2563)",133,1410,1390,92,"(3878, 2563)",0,[],0,0,0,0.08857029770867486,repair,"['too_many_quantized_colors', 'gray_noise', 'id_empty', 'color_id_mismatch']"
LabelMulti_S_145,True,True,True,"(1020, 479)",105,10,0,3,"(1020, 479)",142,238,234,60,"(1020, 479)",0,[],0,0,0,0.07225633468418682,repair,"['too_many_quantized_colors', 'gray_noise', 'id_empty', 'color_id_mismatch']"
LabelMulti_S_146,True,True,True,"(3962, 1855)",115,18,0,0,"(3962, 1855)",145,1086,1071,90,"(3962, 1855)",0,[],0,0,0,0.05301795629912742,repair,"['too_many_quantized_colors', 'gray_noise', 'id_empty', 'color_id_mismatch']"
LabelMulti_S_147,True,True,True,"(3705, 1565)",117,18,0,0,"(3705, 1565)",147,977,963,65,"(3705, 1565)",0,[],0,0,0,0.05668550831490129,repair,"['too_many_quantized_colors', 'gray_noise', 'id_empty', 'color_id_mismatch']"
LabelMulti_S_148,True,True,True,"(4773, 1256)",122,18,0,0,"(4773, 1256)",144,1338,1323,112,"(4773, 1256)",0,[],0,0,0,0.12122912054403685,repair,"['too_many_quantized_colors', 'gray_noise', 'id_empty', 'color_id_mismatch']"
LabelMulti_S_149,True,True,True,"(4999, 2972)",97,16,0,0,"(4999, 2972)",133,1198,1177,79,"(4999, 2972)",0,[],0,0,0,0.060945567309962666,repair,"['too_many_quantized_colors', 'gray_noise', 'id_empty', 'color_id_mismatch']"
LabelMulti_S_150,True,True,True,"(4156, 2547)",107,16,0,0,"(4156, 2547)",141,1500,1476,90,"(4156, 2547)",0,[],0,0,0,0.121718430749267,repair,"['too_many_quantized_colors', 'gray_noise', 'id_empty', 'color_id_mismatch']"
LabelMulti_S_151,True,True,True,"(837, 384)",73,10,0,1,"(837, 384)",99,181,180,52,"(837, 384)",0,[],0,0,0,0.09771692054958184,repair,"['gray_noise', 'id_empty', 'color_id_mismatch']"
LabelMulti_S_152,True,True,True,"(989, 368)",84,8,0,3,"(989, 368)",110,141,140,52,"(989, 368)",0,[],0,0,0,0.06240108585747571,repair,"['too_many_quantized_colors', 'gray_noise', 'id_empty', 'color_id_mismatch']"
LabelMulti_S_153,True,True,True,"(1020, 395)",80,6,0,4,"(1020, 395)",109,202,201,49,"(1020, 395)",0,[],0,0,0,0.06117150657731447,repair,"['gray_noise', 'id_empty', 'color_id_mismatch']"
LabelMulti_S_154,True,True,True,"(815, 377)",75,7,0,1,"(815, 377)",106,110,109,33,"(815, 377)",0,[],0,0,0,0.051061821613968855,repair,"['gray_noise', 'id_empty', 'color_id_mismatch']"
LabelMulti_S_155,True,True,True,"(1021, 409)",71,7,0,2,"(1021, 409)",101,174,173,43,"(1021, 409)",0,[],0,0,0,0.05208470529635598,repair,"['gray_noise', 'id_empty', 'color_id_mismatch']"
LabelMulti_S_156,True,True,True,"(713, 302)",58,4,0,3,"(713, 302)",68,107,106,26,"(713, 302)",0,[],0,0,0,0.07807231825232439,repair,"['gray_noise', 'id_empty', 'color_id_mismatch']"
LabelMulti_S_157,True,True,True,"(3392, 1803)",133,20,0,0,"(3392, 1803)",160,1145,1128,84,"(3392, 1803)",0,[],0,0,0,0.06096642519281282,repair,"['too_many_quantized_colors', 'gray_noise', 'id_empty', 'color_id_mismatch']"
LabelMulti_S_158,True,True,True,"(1019, 408)",78,7,0,3,"(1019, 408)",100,177,174,57,"(1019, 408)",0,[],0,0,0,0.07873203255787103,repair,"['gray_noise', 'id_empty', 'color_id_mismatch']"
LabelMulti_S_160,True,True,True,"(758, 266)",96,11,0,1,"(758, 266)",125,162,160,65,"(758, 266)",0,[],0,0,0,0.1394548376217589,repair,"['too_many_quantized_colors', 'gray_noise', 'id_empty', 'color_id_mismatch']"
LabelMulti_S_161,True,True,True,"(787, 228)",65,6,0,2,"(787, 228)",90,149,148,52,"(787, 228)",0,[],0,0,0,0.14751220490871397,repair,"['gray_noise', 'id_empty', 'color_id_mismatch']"
LabelMulti_S_162,True,True,True,"(814, 241)",83,8,0,2,"(814, 241)",106,189,187,49,"(814, 241)",0,[],0,0,0,0.16120382925362178,repair,"['too_many_quantized_colors', 'gray_noise', 'id_empty', 'color_id_mismatch']"
LabelMulti_S_163,True,True,True,"(661, 265)",78,9,0,4,"(661, 265)",98,147,145,35,"(661, 265)",0,[],0,0,0,0.11041018468301315,repair,"['gray_noise', 'id_empty', 'color_id_mismatch']"
LabelMulti_S_164,True,True,True,"(804, 249)",96,11,0,2,"(804, 249)",129,216,214,63,"(804, 249)",0,[],0,0,0,0.17603748326639893,repair,"['too_many_quantized_colors', 'gray_noise', 'id_empty', 'color_id_mismatch']"
LabelMulti_S_165,True,True,True,"(1010, 551)",101,9,0,1,"(1010, 551)",138,186,185,48,"(1010, 551)",0,[],0,0,0,0.05986055955867819,repair,"['too_many_quantized_colors', 'gray_noise', 'id_empty', 'color_id_mismatch']"
LabelMulti_S_166,True,True,True,"(701, 308)",71,9,0,1,"(701, 308)",96,187,185,54,"(701, 308)",0,[],0,0,0,0.14611779091094354,repair,"['gray_noise', 'id_empty', 'color_id_mismatch']"
LabelMulti_S_167,True,True,True,"(1011, 381)",83,9,0,1,"(1011, 381)",115,158,156,66,"(1011, 381)",0,[],0,0,0,0.06297654929632313,repair,"['too_many_quantized_colors', 'gray_noise', 'id_empty', 'color_id_mismatch']"
LabelMulti_S_168,True,True,True,"(1017, 343)",74,7,0,5,"(1017, 343)",100,140,139,36,"(1017, 343)",0,[],0,0,0,0.06813327943904068,repair,"['gray_noise', 'id_empty', 'color_id_mismatch']"
LabelMulti_S_169,True,True,True,"(985, 239)",98,14,0,3,"(985, 239)",136,258,255,72,"(985, 239)",0,[],0,0,0,0.1878215067009324,repair,"['too_many_quantized_colors', 'gray_noise', 'id_empty', 'color_id_mismatch']"
LabelMulti_S_170,True,True,True,"(749, 289)",88,9,0,2,"(749, 289)",122,168,167,42,"(749, 289)",0,[],0,0,0,0.10252193235732995,repair,"['too_many_quantized_colors', 'gray_noise', 'id_empty', 'color_id_mismatch']"
LabelMulti_S_171,True,True,True,"(787, 227)",115,18,0,0,"(787, 227)",152,239,236,67,"(787, 227)",0,[],0,0,0,0.21305464906044813,repair,"['too_many_quantized_colors', 'gray_noise', 'id_empty', 'color_id_mismatch']"
LabelMulti_S_172,True,True,True,"(827, 327)",74,7,0,2,"(827, 327)",89,149,148,60,"(827, 327)",0,[],0,0,0,0.10884187716554068,repair,"['gray_noise', 'id_empty', 'color_id_mismatch']"
LabelMulti_S_173,True,True,True,"(866, 214)",56,8,0,3,"(866, 214)",95,164,163,59,"(866, 214)",0,[],0,0,0,0.15232781506982365,repair,"['gray_noise', 'id_empty', 'color_id_mismatch']"
LabelMulti_S_174,True,True,True,"(891, 403)",82,13,0,0,"(891, 403)",117,255,253,79,"(891, 403)",0,[],0,0,0,0.1450930590715537,repair,"['too_many_quantized_colors', 'gray_noise', 'id_empty', 'color_id_mismatch']"
LabelMulti_S_175,True,True,True,"(940, 475)",80,12,0,2,"(940, 475)",112,165,164,64,"(940, 475)",0,[],0,0,0,0.06711758118701008,repair,"['gray_noise', 'id_empty', 'color_id_mismatch']"
LabelMulti_S_176,True,True,True,"(754, 303)",95,11,0,3,"(754, 303)",127,194,192,55,"(754, 303)",0,[],0,0,0,0.14931148287242518,repair,"['too_many_quantized_colors', 'gray_noise', 'id_empty', 'color_id_mismatch']"
LabelMulti_S_178,True,True,True,"(1458, 625)",56,9,0,1,"(1458, 625)",95,248,247,71,"(1458, 625)",0,[],0,0,0,0.061855692729766806,repair,"['gray_noise', 'id_empty', 'color_id_mismatch']"
LabelMulti_S_179,True,True,True,"(1005, 376)",86,10,0,1,"(1005, 376)",120,192,191,54,"(1005, 376)",0,[],0,0,0,0.07392029215624007,repair,"['too_many_quantized_colors', 'gray_noise', 'id_empty', 'color_id_mismatch']"
LabelMulti_S_180,True,True,True,"(793, 271)",77,8,0,5,"(793, 271)",100,210,208,58,"(793, 271)",0,[],0,0,0,0.15946729454684205,repair,"['gray_noise', 'id_empty', 'color_id_mismatch']"
LabelMulti_S_181,True,True,True,"(1007, 398)",93,9,0,2,"(1007, 398)",128,178,177,80,"(1007, 398)",0,[],0,0,0,0.06230257543926185,repair,"['too_many_quantized_colors', 'gray_noise', 'id_empty', 'color_id_mismatch']"
LabelMulti_S_182,True,True,True,"(889, 256)",100,13,0,1,"(889, 256)",138,235,232,46,"(889, 256)",0,[],0,0,0,0.1305144474128234,repair,"['too_many_quantized_colors', 'gray_noise', 'id_empty', 'color_id_mismatch']"
LabelMulti_S_183,True,True,True,"(1019, 496)",55,8,0,0,"(1019, 496)",88,150,149,64,"(1019, 496)",0,[],0,0,0,0.06467639051568584,repair,"['gray_noise', 'id_empty', 'color_id_mismatch']"
LabelMulti_S_184,True,True,True,"(780, 403)",83,9,0,2,"(780, 403)",114,123,121,44,"(780, 403)",0,[],0,0,0,0.05220143793344786,repair,"['too_many_quantized_colors', 'gray_noise', 'id_empty', 'color_id_mismatch']"
LabelMulti_S_185,True,True,True,"(984, 466)",104,11,0,2,"(984, 466)",132,167,164,46,"(984, 466)",0,[],0,0,0,0.04751779545692453,repair,"['too_many_quantized_colors', 'gray_noise', 'id_empty', 'color_id_mismatch']"
LabelMulti_S_186,True,True,True,"(983, 461)",119,9,0,4,"(983, 461)",149,167,162,42,"(983, 461)",0,[],0,0,0,0.05385700068187385,repair,"['too_many_quantized_colors', 'gray_noise', 'id_empty', 'color_id_mismatch']"
LabelMulti_S_187,True,True,True,"(776, 356)",93,9,0,0,"(776, 356)",137,115,114,46,"(776, 356)",0,[],0,0,0,0.07730148847445847,repair,"['too_many_quantized_colors', 'gray_noise', 'id_empty', 'color_id_mismatch']"
LabelMulti_S_188,True,True,True,"(1018, 437)",83,7,0,1,"(1018, 437)",116,162,160,46,"(1018, 437)",0,[],0,0,0,0.05581231202204709,repair,"['too_many_quantized_colors', 'gray_noise', 'id_empty', 'color_id_mismatch']"
LabelMulti_S_189,True,True,True,"(995, 303)",107,16,0,0,"(995, 303)",136,191,190,55,"(995, 303)",0,[],0,0,0,0.0798115992503773,repair,"['too_many_quantized_colors', 'gray_noise', 'id_empty', 'color_id_mismatch']"
LabelMulti_S_190,True,True,True,"(1018, 508)",106,12,0,1,"(1018, 508)",134,237,234,58,"(1018, 508)",0,[],0,0,0,0.05769572884921801,repair,"['too_many_quantized_colors', 'gray_noise', 'id_empty', 'color_id_mismatch']"
LabelMulti_S_191,True,True,True,"(1004, 487)",123,17,0,0,"(1004, 487)",158,277,273,82,"(1004, 487)",0,[],0,0,0,0.0869376702635045,repair,"['too_many_quantized_colors', 'gray_noise', 'id_empty', 'color_id_mismatch']"
LabelMulti_S_192,True,True,True,"(916, 212)",107,12,0,2,"(916, 212)",136,156,153,52,"(916, 212)",0,[],0,0,0,0.16636112713191067,repair,"['too_many_quantized_colors', 'gray_noise', 'id_empty', 'color_id_mismatch']"
LabelMulti_S_193,True,True,True,"(819, 296)",102,13,0,3,"(819, 296)",145,162,161,42,"(819, 296)",0,[],0,0,0,0.08875771375771375,repair,"['too_many_quantized_colors', 'gray_noise', 'id_empty', 'color_id_mismatch']"
LabelMulti_S_194,True,True,True,"(915, 213)",91,8,0,2,"(915, 213)",119,154,152,41,"(915, 213)",0,[],0,0,0,0.1259652633469304,repair,"['too_many_quantized_colors', 'gray_noise', 'id_empty', 'color_id_mismatch']"
LabelMulti_S_195,True,True,True,"(1002, 487)",96,8,0,6,"(1002, 487)",130,200,198,51,"(1002, 487)",0,[],0,0,0,0.0688540782910565,repair,"['too_many_quantized_colors', 'gray_noise', 'id_empty', 'color_id_mismatch']"
LabelMulti_S_196,True,True,True,"(730, 194)",94,9,0,3,"(730, 194)",129,160,159,54,"(730, 194)",0,[],0,0,0,0.17602739726027397,repair,"['too_many_quantized_colors', 'gray_noise', 'id_empty', 'color_id_mismatch']"
LabelMulti_S_197,True,True,True,"(894, 444)",74,8,0,2,"(894, 444)",112,103,102,44,"(894, 444)",0,[],0,0,0,0.044725094221738516,repair,"['gray_noise', 'id_empty', 'color_id_mismatch']"
LabelMulti_S_198,True,True,True,"(842, 420)",84,10,0,0,"(842, 420)",111,175,173,49,"(842, 420)",0,[],0,0,0,0.061568261508879084,repair,"['too_many_quantized_colors', 'gray_noise', 'id_empty', 'color_id_mismatch']"
LabelMulti_S_199,True,True,True,"(1024, 402)",88,15,0,2,"(1024, 402)",132,263,260,86,"(1024, 402)",0,[],0,0,0,0.17192358519900497,repair,"['too_many_quantized_colors', 'gray_noise', 'id_empty', 'color_id_mismatch']"
LabelMulti_S_200,True,True,True,"(995, 458)",124,15,0,1,"(995, 458)",158,201,198,65,"(995, 458)",0,[],0,0,0,0.05910557152575103,repair,"['too_many_quantized_colors', 'gray_noise', 'id_empty', 'color_id_mismatch']"
LabelMulti_S_201,True,True,True,"(1020, 447)",96,13,0,2,"(1020, 447)",129,203,201,73,"(1020, 447)",0,[],0,0,0,0.07600561477387376,repair,"['too_many_quantized_colors', 'gray_noise', 'id_empty', 'color_id_mismatch']"
LabelMulti_S_202,True,True,True,"(785, 217)",108,16,0,0,"(785, 217)",142,177,174,60,"(785, 217)",0,[],0,0,0,0.14865713698670346,repair,"['too_many_quantized_colors', 'gray_noise', 'id_empty', 'color_id_mismatch']"
LabelMulti_S_203,True,True,True,"(1017, 348)",76,9,0,4,"(1017, 348)",105,145,144,32,"(1017, 348)",0,[],0,0,0,0.053461838402332755,repair,"['gray_noise', 'id_empty', 'color_id_mismatch']"
LabelMulti_S_204,True,True,True,"(885, 213)",96,14,0,1,"(885, 213)",129,168,166,62,"(885, 213)",0,[],0,0,0,0.15988435320018038,repair,"['too_many_quantized_colors', 'gray_noise', 'id_empty', 'color_id_mismatch']"
LabelMulti_S_205,True,True,True,"(1007, 384)",109,8,0,2,"(1007, 384)",143,191,190,46,"(1007, 384)",0,[],0,0,0,0.06984183631247931,repair,"['too_many_quantized_colors', 'gray_noise', 'id_empty', 'color_id_mismatch']"
LabelMulti_S_206,True,True,True,"(745, 239)",111,15,0,0,"(745, 239)",142,197,195,70,"(745, 239)",0,[],0,0,0,0.14155176771222375,repair,"['too_many_quantized_colors', 'gray_noise', 'id_empty', 'color_id_mismatch']"
LabelMulti_S_21,True,True,True,"(1074, 381)",108,11,0,0,"(1074, 381)",141,169,168,59,"(1074, 381)",0,[],0,0,0,0.08515765138296261,repair,"['too_many_quantized_colors', 'gray_noise', 'id_empty', 'color_id_mismatch']"
LabelMulti_S_22,True,True,True,"(915, 244)",70,6,0,7,"(915, 244)",100,176,175,49,"(915, 244)",0,[],0,0,0,0.19705276359401594,repair,"['gray_noise', 'id_empty', 'color_id_mismatch']"
LabelMulti_S_23,True,True,True,"(907, 521)",47,3,0,1,"(907, 521)",54,182,181,42,"(907, 521)",0,[],0,0,0,0.08600625969480284,repair,"['gray_noise', 'id_empty', 'color_id_mismatch']"
LabelMulti_S_24,True,True,True,"(1019, 376)",56,7,0,0,"(1019, 376)",89,184,183,62,"(1019, 376)",0,[],0,0,0,0.12387770655419372,repair,"['gray_noise', 'id_empty', 'color_id_mismatch']"
LabelMulti_S_25,True,True,True,"(939, 374)",80,7,0,2,"(939, 374)",115,145,143,30,"(939, 374)",0,[],0,0,0,0.06914569487394144,repair,"['gray_noise', 'id_empty', 'color_id_mismatch']"
LabelMulti_S_26,True,True,True,"(816, 209)",37,5,0,7,"(816, 209)",54,140,139,21,"(816, 209)",0,[],0,0,0,0.15859836757669574,repair,"['gray_noise', 'id_empty', 'color_id_mismatch']"
LabelMulti_S_27,True,True,True,"(960, 530)",61,6,0,1,"(960, 530)",77,142,141,42,"(960, 530)",0,[],0,0,0,0.05510809748427673,repair,"['gray_noise', 'id_empty', 'color_id_mismatch']"
LabelMulti_S_28,True,True,True,"(719, 216)",61,7,0,4,"(719, 216)",76,153,152,45,"(719, 216)",0,[],0,0,0,0.16062046051614898,repair,"['gray_noise', 'id_empty', 'color_id_mismatch']"
LabelMulti_S_29,True,True,True,"(981, 469)",30,3,0,5,"(981, 469)",37,136,135,15,"(981, 469)",0,[],0,0,0,0.06788686536735283,repair,"['gray_noise', 'id_empty', 'color_id_mismatch']"
LabelMulti_S_30,True,True,True,"(697, 282)",77,8,0,2,"(697, 282)",105,157,156,41,"(697, 282)",0,[],0,0,0,0.14393500005087662,repair,"['gray_noise', 'id_empty', 'color_id_mismatch']"
LabelMulti_S_31,True,True,True,"(908, 436)",58,6,0,1,"(908, 436)",68,165,163,41,"(908, 436)",0,[],0,0,0,0.0690801438790769,repair,"['gray_noise', 'id_empty', 'color_id_mismatch']"
LabelMulti_S_32,True,True,True,"(954, 559)",74,11,0,1,"(954, 559)",106,193,191,68,"(954, 559)",0,[],0,0,0,0.0931563926298459,repair,"['gray_noise', 'id_empty', 'color_id_mismatch']"
LabelMulti_S_33,True,True,True,"(725, 239)",79,7,0,5,"(725, 239)",113,121,119,25,"(725, 239)",0,[],0,0,0,0.11858029144423604,repair,"['gray_noise', 'id_empty', 'color_id_mismatch']"
LabelMulti_S_34,True,True,True,"(1558, 523)",64,7,0,4,"(1558, 523)",91,205,203,68,"(1558, 523)",0,[],0,0,0,0.05999749642258423,repair,"['gray_noise', 'id_empty', 'color_id_mismatch']"
LabelMulti_S_35,True,True,True,"(811, 312)",89,13,0,1,"(811, 312)",129,230,227,51,"(811, 312)",0,[],0,0,0,0.14398574093395303,repair,"['too_many_quantized_colors', 'gray_noise', 'id_empty', 'color_id_mismatch']"
LabelMulti_S_36,True,True,True,"(942, 545)",76,7,0,4,"(942, 545)",112,149,147,41,"(942, 545)",0,[],0,0,0,0.054601764740255944,repair,"['gray_noise', 'id_empty', 'color_id_mismatch']"
LabelMulti_S_37,True,True,True,"(754, 298)",82,14,0,3,"(754, 298)",120,195,194,53,"(754, 298)",0,[],0,0,0,0.14120662951952007,repair,"['too_many_quantized_colors', 'gray_noise', 'id_empty', 'color_id_mismatch']"
LabelMulti_S_38,True,True,True,"(1470, 796)",85,10,0,1,"(1470, 796)",119,392,389,94,"(1470, 796)",0,[],0,0,0,0.16002974053943186,repair,"['too_many_quantized_colors', 'gray_noise', 'id_empty', 'color_id_mismatch']"
LabelMulti_S_39,True,True,True,"(814, 236)",39,5,0,3,"(814, 236)",50,182,180,25,"(814, 236)",0,[],0,0,0,0.18598779827593387,repair,"['gray_noise', 'id_empty', 'color_id_mismatch']"
LabelMulti_S_40,True,True,True,"(997, 552)",71,8,0,3,"(997, 552)",106,179,178,44,"(997, 552)",0,[],0,0,0,0.0688841887982789,repair,"['gray_noise', 'id_empty', 'color_id_mismatch']"
LabelMulti_S_41,True,True,True,"(787, 270)",60,7,0,1,"(787, 270)",77,118,116,40,"(787, 270)",0,[],0,0,0,0.12113981834439268,repair,"['gray_noise', 'id_empty', 'color_id_mismatch']"
LabelMulti_S_42,True,True,True,"(1018, 419)",37,3,0,3,"(1018, 419)",47,140,138,17,"(1018, 419)",0,[],0,0,0,0.04992005476600194,repair,"['gray_noise', 'id_empty', 'color_id_mismatch']"
LabelMulti_S_43,True,True,True,"(691, 227)",81,7,0,5,"(691, 227)",120,126,122,35,"(691, 227)",0,[],0,0,0,0.13018226792556278,repair,"['too_many_quantized_colors', 'gray_noise', 'id_empty', 'color_id_mismatch']"
LabelMulti_S_44,True,True,True,"(2496, 932)",92,13,0,1,"(2496, 932)",135,470,467,165,"(2496, 932)",0,[],0,0,0,0.11458247358864311,repair,"['too_many_quantized_colors', 'gray_noise', 'id_empty', 'color_id_mismatch']"
LabelMulti_S_45,True,True,True,"(3733, 1710)",104,17,0,0,"(3733, 1710)",138,825,814,132,"(3733, 1710)",0,[],0,0,0,0.058716552073101766,repair,"['too_many_quantized_colors', 'gray_noise', 'id_empty', 'color_id_mismatch']"
LabelMulti_S_46,True,True,True,"(902, 240)",81,10,0,3,"(902, 240)",114,174,173,46,"(902, 240)",0,[],0,0,0,0.15218957871396896,repair,"['too_many_quantized_colors', 'gray_noise', 'id_empty', 'color_id_mismatch']"
LabelMulti_S_47,True,True,True,"(1008, 432)",62,7,0,3,"(1008, 432)",76,198,194,30,"(1008, 432)",0,[],0,0,0,0.07497198339212229,repair,"['gray_noise', 'id_empty', 'color_id_mismatch']"
LabelMulti_S_48,True,True,True,"(875, 217)",73,8,0,3,"(875, 217)",98,167,165,40,"(875, 217)",0,[],0,0,0,0.2301356155365372,repair,"['gray_noise', 'id_empty', 'color_id_mismatch']"
LabelMulti_S_49,True,True,True,"(1018, 366)",46,3,0,1,"(1018, 366)",57,136,135,17,"(1018, 366)",0,[],0,0,0,0.0620282993547833,repair,"['gray_noise', 'id_empty', 'color_id_mismatch']"
LabelMulti_S_50,True,True,True,"(736, 248)",44,5,0,1,"(736, 248)",55,133,131,24,"(736, 248)",0,[],0,0,0,0.11929676542776999,repair,"['gray_noise', 'id_empty', 'color_id_mismatch']"
LabelMulti_S_51,True,True,True,"(918, 230)",53,8,0,1,"(918, 230)",72,134,131,25,"(918, 230)",0,[],0,0,0,0.10226390072937387,repair,"['gray_noise', 'id_empty', 'color_id_mismatch']"
LabelMulti_S_52,True,True,True,"(840, 239)",87,14,0,2,"(840, 239)",120,217,213,47,"(840, 239)",0,[],0,0,0,0.1475542936840008,repair,"['too_many_quantized_colors', 'gray_noise', 'id_empty', 'color_id_mismatch']"
LabelMulti_S_53,True,True,True,"(1014, 730)",67,10,0,6,"(1014, 730)",111,244,243,93,"(1014, 730)",0,[],0,0,0,0.10752749182675421,repair,"['gray_noise', 'id_empty', 'color_id_mismatch']"
LabelMulti_S_54,True,True,True,"(818, 413)",60,5,0,1,"(818, 413)",77,121,120,27,"(818, 413)",0,[],0,0,0,0.06237974863394448,repair,"['gray_noise', 'id_empty', 'color_id_mismatch']"
LabelMulti_S_55,True,True,True,"(736, 218)",62,5,0,3,"(736, 218)",88,152,151,34,"(736, 218)",0,[],0,0,0,0.16476989429597128,repair,"['gray_noise', 'id_empty', 'color_id_mismatch']"
LabelMulti_S_56,True,True,True,"(715, 344)",46,5,0,3,"(715, 344)",62,128,126,24,"(715, 344)",0,[],0,0,0,0.08668076109936575,repair,"['gray_noise', 'id_empty', 'color_id_mismatch']"
LabelMulti_S_57,True,True,True,"(921, 200)",75,10,0,1,"(921, 200)",99,168,166,52,"(921, 200)",0,[],0,0,0,0.23901194353963084,repair,"['gray_noise', 'id_empty', 'color_id_mismatch']"
LabelMulti_S_58,True,True,True,"(952, 340)",52,5,0,1,"(952, 340)",62,124,123,32,"(952, 340)",0,[],0,0,0,0.06688704893722194,repair,"['gray_noise', 'id_empty', 'color_id_mismatch']"
LabelMulti_S_59,True,True,True,"(1018, 522)",85,13,0,4,"(1018, 522)",117,294,293,72,"(1018, 522)",0,[],0,0,0,0.1459815279000971,repair,"['too_many_quantized_colors', 'gray_noise', 'id_empty', 'color_id_mismatch']"
LabelMulti_S_60,True,True,True,"(997, 451)",79,8,0,2,"(997, 451)",105,178,177,43,"(997, 451)",0,[],0,0,0,0.05572371215642493,repair,"['gray_noise', 'id_empty', 'color_id_mismatch']"
LabelMulti_S_61,True,True,True,"(805, 152)",77,7,0,1,"(805, 152)",114,152,150,30,"(805, 152)",0,[],0,0,0,0.1966655769859431,repair,"['gray_noise', 'id_empty', 'color_id_mismatch']"
LabelMulti_S_62,True,True,True,"(1005, 441)",92,10,0,4,"(1005, 441)",128,171,167,54,"(1005, 441)",0,[],0,0,0,0.07702304802518022,repair,"['too_many_quantized_colors', 'gray_noise', 'id_empty', 'color_id_mismatch']"
LabelMulti_S_63,True,True,True,"(675, 164)",48,4,0,0,"(675, 164)",63,132,131,24,"(675, 164)",0,[],0,0,0,0.16396567299006323,repair,"['gray_noise', 'id_empty', 'color_id_mismatch']"
LabelMulti_S_64,True,True,True,"(1003, 475)",77,6,0,2,"(1003, 475)",108,165,164,34,"(1003, 475)",0,[],0,0,0,0.050855853492155115,repair,"['gray_noise', 'id_empty', 'color_id_mismatch']"
LabelMulti_S_65,True,True,True,"(791, 278)",68,8,0,1,"(791, 278)",94,181,180,47,"(791, 278)",0,[],0,0,0,0.13998763062874606,repair,"['gray_noise', 'id_empty', 'color_id_mismatch']"
LabelMulti_S_66,True,True,True,"(797, 361)",64,8,0,2,"(797, 361)",93,150,148,37,"(797, 361)",0,[],0,0,0,0.10303874988269723,repair,"['gray_noise', 'id_empty', 'color_id_mismatch']"
LabelMulti_S_67,True,True,True,"(850, 205)",76,13,0,2,"(850, 205)",113,161,159,53,"(850, 205)",0,[],0,0,0,0.1582725968436155,repair,"['gray_noise', 'id_empty', 'color_id_mismatch']"
LabelMulti_S_68,True,True,True,"(1009, 464)",73,10,0,0,"(1009, 464)",104,123,120,54,"(1009, 464)",0,[],0,0,0,0.06295922900789447,repair,"['gray_noise', 'id_empty', 'color_id_mismatch']"
LabelMulti_S_69,True,True,True,"(837, 204)",77,13,0,3,"(837, 204)",113,165,164,56,"(837, 204)",0,[],0,0,0,0.15990816876332373,repair,"['gray_noise', 'id_empty', 'color_id_mismatch']"
LabelMulti_S_70,True,True,True,"(1009, 565)",55,7,0,3,"(1009, 565)",69,197,195,24,"(1009, 565)",0,[],0,0,0,0.060438355683801535,repair,"['gray_noise', 'id_empty', 'color_id_mismatch']"
LabelMulti_S_71,True,True,True,"(769, 189)",70,8,0,0,"(769, 189)",93,165,164,47,"(769, 189)",0,[],0,0,0,0.18199269304600904,repair,"['gray_noise', 'id_empty', 'color_id_mismatch']"
LabelMulti_S_72,True,True,True,"(940, 441)",58,9,0,0,"(940, 441)",77,122,120,31,"(940, 441)",0,[],0,0,0,0.05598012254547209,repair,"['gray_noise', 'id_empty', 'color_id_mismatch']"
LabelMulti_S_73,True,True,True,"(870, 205)",74,11,0,3,"(870, 205)",105,171,166,41,"(870, 205)",0,[],0,0,0,0.21522848331931596,repair,"['gray_noise', 'id_empty', 'color_id_mismatch']"
LabelMulti_S_74,True,True,True,"(1012, 322)",73,9,0,2,"(1012, 322)",99,163,162,42,"(1012, 322)",0,[],0,0,0,0.08968465372057055,repair,"['gray_noise', 'id_empty', 'color_id_mismatch']"
LabelMulti_S_75,True,True,True,"(700, 149)",69,6,0,5,"(700, 149)",99,115,114,45,"(700, 149)",0,[],0,0,0,0.1986960690316395,repair,"['gray_noise', 'id_empty', 'color_id_mismatch']"
LabelMulti_S_76,True,True,True,"(1018, 496)",77,13,0,2,"(1018, 496)",112,208,204,44,"(1018, 496)",0,[],0,0,0,0.06306047594904621,repair,"['gray_noise', 'id_empty', 'color_id_mismatch']"
LabelMulti_S_77,True,True,True,"(727, 232)",73,11,0,2,"(727, 232)",102,138,134,34,"(727, 232)",0,[],0,0,0,0.1382749134373666,repair,"['gray_noise', 'id_empty', 'color_id_mismatch']"
LabelMulti_S_78,True,True,True,"(1018, 432)",73,9,0,2,"(1018, 432)",98,119,117,20,"(1018, 432)",0,[],0,0,0,0.05038019355308157,repair,"['gray_noise', 'id_empty', 'color_id_mismatch']"
LabelMulti_S_79,True,True,True,"(993, 314)",81,12,0,1,"(993, 314)",112,208,204,77,"(993, 314)",0,[],0,0,0,0.15731778500458624,repair,"['too_many_quantized_colors', 'gray_noise', 'id_empty', 'color_id_mismatch']"
LabelMulti_S_80,True,True,True,"(1004, 421)",56,8,0,3,"(1004, 421)",77,134,132,32,"(1004, 421)",0,[],0,0,0,0.06204398557787851,repair,"['gray_noise', 'id_empty', 'color_id_mismatch']"
LabelMulti_S_81,True,True,True,"(646, 171)",46,3,0,1,"(646, 171)",54,134,133,29,"(646, 171)",0,[],0,0,0,0.171446417902341,repair,"['gray_noise', 'id_empty', 'color_id_mismatch']"
LabelMulti_S_82,True,True,True,"(1009, 383)",70,7,0,0,"(1009, 383)",98,136,135,39,"(1009, 383)",0,[],0,0,0,0.06209907180027274,repair,"['gray_noise', 'id_empty', 'color_id_mismatch']"
LabelMulti_S_83,True,True,True,"(882, 251)",64,10,0,1,"(882, 251)",86,183,181,41,"(882, 251)",0,[],0,0,0,0.14075670108680924,repair,"['gray_noise', 'id_empty', 'color_id_mismatch']"
LabelMulti_S_84,True,True,True,"(889, 263)",65,6,0,1,"(889, 263)",84,155,154,32,"(889, 263)",0,[],0,0,0,0.1433618326226332,repair,"['gray_noise', 'id_empty', 'color_id_mismatch']"
LabelMulti_S_85,True,True,True,"(1363, 760)",86,12,0,3,"(1363, 760)",120,233,230,59,"(1363, 760)",0,[],0,0,0,0.05497354905973665,repair,"['too_many_quantized_colors', 'gray_noise', 'id_empty', 'color_id_mismatch']"
LabelMulti_S_87,True,True,True,"(1013, 443)",72,13,0,4,"(1013, 443)",108,250,248,53,"(1013, 443)",0,[],0,0,0,0.09873896679509492,repair,"['gray_noise', 'id_empty', 'color_id_mismatch']"
LabelMulti_S_88,True,True,True,"(1021, 474)",68,8,0,1,"(1021, 474)",92,264,262,60,"(1021, 474)",0,[],0,0,0,0.12565037172954455,repair,"['gray_noise', 'id_empty', 'color_id_mismatch']"
LabelMulti_S_89,True,True,True,"(625, 272)",55,8,0,1,"(625, 272)",96,160,158,42,"(625, 272)",0,[],0,0,0,0.21548823529411765,repair,"['gray_noise', 'id_empty', 'color_id_mismatch']"
LabelMulti_S_90,True,True,True,"(932, 299)",85,8,0,3,"(932, 299)",121,145,141,33,"(932, 299)",0,[],0,0,0,0.09957368625030502,repair,"['too_many_quantized_colors', 'gray_noise', 'id_empty', 'color_id_mismatch']"
LabelMulti_S_91,True,True,True,"(2379, 1236)",99,17,0,0,"(2379, 1236)",139,1056,1048,160,"(2379, 1236)",0,[],0,0,0,0.17992928959027957,repair,"['too_many_quantized_colors', 'gray_noise', 'id_empty', 'color_id_mismatch']"
LabelMulti_S_92,True,True,True,"(627, 344)",88,4,0,3,"(627, 344)",132,143,142,27,"(627, 344)",0,[],0,0,0,0.18704795816178926,repair,"['too_many_quantized_colors', 'gray_noise', 'id_empty', 'color_id_mismatch']"
LabelMulti_S_93,True,True,True,"(1181, 684)",89,15,0,1,"(1181, 684)",129,420,416,105,"(1181, 684)",0,[],0,0,0,0.14639813618154898,repair,"['too_many_quantized_colors', 'gray_noise', 'id_empty', 'color_id_mismatch']"
LabelMulti_S_94,True,True,True,"(3230, 1261)",133,20,0,0,"(3230, 1261)",160,751,739,196,"(3230, 1261)",0,[],0,0,0,0.09156770266852933,repair,"['too_many_quantized_colors', 'gray_noise', 'id_empty', 'color_id_mismatch']"
LabelMulti_S_95,True,True,True,"(3072, 1517)",117,18,0,0,"(3072, 1517)",152,684,674,150,"(3072, 1517)",0,[],0,0,0,0.06807934554218853,repair,"['too_many_quantized_colors', 'gray_noise', 'id_empty', 'color_id_mismatch']"
LabelMulti_S_96,True,True,True,"(2982, 1838)",96,14,0,1,"(2982, 1838)",136,1079,1069,182,"(2982, 1838)",0,[],0,0,0,0.13586488097974864,repair,"['too_many_quantized_colors', 'gray_noise', 'id_empty', 'color_id_mismatch']"
LabelMulti_S_97,True,True,True,"(2662, 1067)",113,17,0,3,"(2662, 1067)",141,537,528,142,"(2662, 1067)",0,[],0,0,0,0.08721060825516819,repair,"['too_many_quantized_colors', 'gray_noise', 'id_empty', 'color_id_mismatch']"
LabelMulti_S_98,True,True,True,"(3080, 1581)",111,16,0,0,"(3080, 1581)",139,1080,1071,183,"(3080, 1581)",0,[],0,0,0,0.1754016856009266,repair,"['too_many_quantized_colors', 'gray_noise', 'id_empty', 'color_id_mismatch']"
